ref_x,ref_y,ref_steering,lookahead,velocity
1.8,99.8,0.183301719273916,7.43377593016518,8.16698280726084
1.80010888281603,99.8000000005403,0.183304271381077,7.43374020066492,8.16695728618923
1.80065329689616,99.8000000194501,0.183317022148145,7.43356168992597,8.16682977851855
1.80337536729675,99.8000005189201,0.183380531811205,7.43267255464313,8.16619468188795
1.81698571924029,99.8000131042417,0.183691981635783,7.42831225709903,8.16308018364217
1.87355138841715,99.800242873443,0.184881155107711,7.41166382849205,8.15118844892289
1.94480468039719,99.8009277119153,0.186134829545193,7.3941123863673,8.13865170454807
2.02948177861596,99.8022898611478,0.187273458424434,7.37817158205792,8.12726541575566
2.12841648662357,99.8045959861882,0.188120318265065,7.36631554428909,8.11879681734935
2.2444908726069,99.8082220579582,0.1884475830182,7.3617338377452,8.115524169818
2.38421777335096,99.8138065511518,0.18789278087708,7.36950106772088,8.1210721912292
2.55759889650423,99.8224181813558,0.185803381836612,7.39875265428743,8.14196618163388
2.7819089296267,99.8359988209778,0.180915284601526,7.46718601557864,8.19084715398474
3.08674220206506,99.8581677056633,0.170644829106084,7.61097239251483,8.29355170893916
3.46797573629704,99.8906141165471,0.158099437051223,7.78660788128287,8.41900562948777
3.80658442385152,99.9226570831461,0.145090148993522,7.96873791409069,8.54909851006478
4.08050715657224,99.9501393375709,0.130928078576783,8.16700689992504,8.69071921423217
4.3471633465954,99.9778230015433,0.115206424845352,8.38711005216507,8.84793575154648
4.66444770568619,100.01154597808,0.105112581774959,8.52842385515057,8.94887418225041
5.0361978112572,100.051650169234,0.0998719762269792,8.60179233282229,9.00128023773021
5.40969915039156,100.09215375331,0.0855227006952667,8.80268219026627,9.14477299304733
5.70893732784579,100.124521448572,0.0657298709769729,9.07978180632238,9.34270129023027
5.95828771966065,100.151329162195,0.0488858804050998,9.3155976743286,9.511141195949
6.24491544302405,100.181888646101,0.025443043985334,9.64379738420532,9.74556956014666
6.61794045840448,100.221174995751,0.00145682199957161,9.979604492006,9.98543178000428
7.03596688451493,100.264495329207,-0.0022266107524922,9.96882744946511,9.97773389247508
7.10276992510156,100.271346179803,-0.00715160592328935,9.89987751707395,9.92848394076711
7.16957514314822,100.278174276801,-0.0118589335689384,9.83397493003486,9.88141066431062
7.36458910208963,100.297987130611,-0.0195707027534459,9.72601016145176,9.80429297246554
7.56977482202959,100.318663359372,-0.0300741741006494,9.57896156259091,9.69925825899351
7.83728545286752,100.345376107576,-0.0410313180013856,9.4255615479806,9.58968681998615
8.14980784614394,100.376251944885,-0.0541121666857923,9.24242966639891,9.45887833314208
8.53257370137115,100.413616439873,-0.0657149742949248,9.07999035987105,9.34285025705075
8.92236145482238,100.451203099524,-0.0739114167685734,8.96524016523997,9.26088583231427
9.24420206855151,100.481920605242,-0.0796517659616478,8.88487527653693,9.20348234038352
9.51372598370525,100.507444892841,-0.0844295188265519,8.81798673642827,9.15570481173448
9.79856611422252,100.534235765186,-0.0885042177045018,8.76094095213697,9.11495782295498
9.88387393497155,100.542201618649,-0.0909167473681182,8.72716553684634,9.09083252631882
9.9691870135102,100.550111269157,-0.091560995140203,8.71814606803716,9.08439004859797
10.1210565588831,100.564058929392,-0.0909033066790406,8.72735370649343,9.09096693320959
10.3062117279867,100.580803347916,-0.0891656869875123,8.75168038217483,9.10834313012488
10.4965229608277,100.597647370246,-0.0861425604552444,8.79400415362658,9.13857439544756
10.7640501541751,100.620584267661,-0.0817771477476158,8.85511993153338,9.18222852252384
11.1262949379136,100.650081278912,-0.0847618231465147,8.81333447594879,9.15238176853485
11.5605282797448,100.682893936197,-0.0834075159696258,8.83229477642524,9.16592484030374
11.6284717567747,100.687767157737,-0.0794167758985457,8.88816513742036,9.20583224101454
11.6964210711114,100.692561179324,-0.0770891577478351,8.92075179153031,9.22910842252165
11.8555882505809,100.703499708991,-0.0749430890818314,8.95079675285436,9.25056910918169
12.0275548865843,100.714898149893,-0.0713224263302547,9.00148603137643,9.28677573669745
12.131066153241,100.721554995421,-0.0655443299527794,9.08237938066109,9.34455670047221
12.2345873619108,100.72805620233,-0.0679537351775978,9.04864770751363,9.32046264822402
12.4200020801018,100.739342414268,-0.0660225690064886,9.07568403390916,9.33977430993511
12.6566022633143,100.753119584157,-0.0612132639139733,9.14301430520437,9.38786736086027
12.8906674700069,100.766096529478,-0.0572802791221647,9.19807609228969,9.42719720877835
13.1564787936138,100.780098228224,-0.0575601112219726,9.19415844289238,9.42439888778027
13.552643593908,100.79964531524,-0.0542664449169632,9.24026977116251,9.45733555083037
13.6431940769421,100.803906085286,-0.0498738353024664,9.30176630576547,9.50126164697534
13.7337480109889,100.808089565211,-0.0452472264928209,9.36653882910051,9.54752773507179
13.9336767177942,100.817075521057,-0.0407968539349921,9.42884404491011,9.59203146065008
14.158933603945,100.826832819095,-0.034947411611711,9.51073623743605,9.65052588388289
14.2679894157612,100.831423919491,-0.0274657411336088,9.61547962412948,9.72534258866391
14.3770488702728,100.835924864228,-0.0270310672964492,9.62156505784971,9.72968932703551
14.5789939235797,100.844044435993,-0.0239104844791856,9.6652532172914,9.76089515520814
14.8175596163902,100.853322037395,-0.019729622585286,9.723785283806,9.80270377414714
15.1756472330381,100.866718460186,-0.0153486647267333,9.78511869382573,9.84651335273267
15.29696525904,100.87113311205,-0.0115013190593192,9.83898153316953,9.88498680940681
15.4182853963975,100.875489823431,-0.00705871175120318,9.90117803548316,9.92941288248797
15.7100791623847,100.885756791406,-0.00157277510549823,9.97798114852302,9.98427224894502
16.0845344561505,100.898552281624,-0.00272285665483316,9.96188000683234,9.97277143345167
16.2251129706005,100.903254362084,-0.00138720638543277,9.98057911060394,9.98612793614567
16.365693439407,100.907898301145,-5.62050406216485e-16,9.99999999999999,9.99999999999997
16.6236772149363,100.916278499926,3.50414142147315e-15,9.99999999999995,9.99999999999994
16.8896343476016,100.924652403439,0.00366149091985176,9.94873912712208,9.96338509080148
17.1088911354723,100.931273093389,0.00642254529466877,9.91008436587464,9.93577454705331
17.3938938921997,100.939415368432,0.0089146245386264,9.87519525645923,9.91085375461374
17.780710658113,100.949520888193,0.00313683334195489,9.95608433321263,9.96863166658045
18.215855149814,100.959503182464,0.00427963600743149,9.94008509589596,9.95720363992569
18.2802912546123,100.960853340911,0.00700767301212098,9.90189257783031,9.92992326987879
18.3447281628344,100.96216693868,0.00671610018704022,9.90597459738144,9.9328389981296
18.5308500899969,100.965769841408,-0.00516765183108634,9.92765287436479,9.94832348168914
18.7266739774399,100.969280285961,-0.00482317973025956,9.93247548377637,9.95176820269741
18.9246870148513,100.97255476684,-0.00378189840548066,9.94705342232327,9.96218101594519
19.2325826544391,100.977123210771,-0.00275882099253751,9.96137650610448,9.97241179007462
19.6431910189575,100.982300026106,-0.00149238978193527,9.97910654305291,9.98507610218065
19.7235575951555,100.983198410065,-0.00103918392821347,9.98545142500501,9.98960816071787
19.8039245690026,100.984058551584,-0.00573665357152053,9.91968684999871,9.9426334642848
20.0208180338071,100.986205274277,-0.00515599883883247,9.92781601625635,9.94844001161168
20.2556366390409,100.988274023676,-0.00413487887695111,9.94211169572268,9.95865121123049
20.4900979615281,100.990101879231,-0.00552754392266127,9.92261438508274,9.94472456077339
21.0481845295185,100.99361984626,-0.00942656900620978,9.86802803391306,9.9057343099379
21.2114611587906,100.99445220935,-0.00910726370558541,9.8724983081218,9.90892736294414
21.3747381417249,100.995202025831,-0.00825754390440542,9.88439438533832,9.91742456095595
21.6727960303485,100.9963869871,-0.00943791455091657,9.86786919628717,9.90562085449083
22.0889262135729,100.997711756137,-0.0110631098434328,9.84511646219194,9.88936890156567
22.2237991097136,100.998069872246,-0.0132718272870296,9.81419441798159,9.8672817271297
22.3586720947768,100.998396427761,-0.0152239414165053,9.78686482016893,9.84776058583495
22.8078282289502,100.999286934219,-0.0176077546685225,9.75349143464068,9.82392245331478
23.1138776832685,100.999745059312,-0.0202383670163456,9.71666286177116,9.79761632983654
23.4199273078667,101.000103760972,-0.0237502705458915,9.66749621235752,9.76249729454108
23.7453595355885,101.000393992921,-0.023422205261779,9.67208912633509,9.76577794738221
23.7985154225009,101.000428572223,-0.0225852495604286,9.683806506154,9.77414750439571
23.8516713051511,101.000449163742,-0.0231739558610899,9.67556461794474,9.7682604413891
24.0057611058611,101.000434011127,-0.024073777765459,9.66296711128357,9.75926222234541
24.1656626816946,101.000307499718,-0.0252769581911088,9.64612258532448,9.74723041808891
24.2411146281633,101.000187196711,-0.0265013836950655,9.62898062826908,9.73498616304935
24.316566490601,100.999996964698,-0.0273352712346674,9.61730620271466,9.72664728765332
24.4547912782093,100.999478061619,-0.0290766429167207,9.59292699916591,9.70923357083279
24.6089305301982,100.998657299627,-0.02815523311741,9.60582673635626,9.7184476688259
24.6942034024745,100.998080088311,-0.027654848060459,9.61283212715357,9.72345151939541
24.7794758167912,100.997395305602,-0.027526305117489,9.61463172835515,9.72473694882511
24.9320263899063,100.995918791783,-0.0271931567183601,9.61929580594296,9.7280684328164
25.1162477117508,100.993702125677,-0.0265782073405675,9.62790509723206,9.73421792659433
25.3025245108559,100.990941700481,-0.0266292944460196,9.62718987775573,9.7337070555398
25.5644536131244,100.986122452933,-0.0270671433517525,9.62105999307547,9.72932856648248
25.918007233104,100.977813655437,-0.0272588793006843,9.61837568979042,9.72741120699316
26.3497404503214,100.964849005707,-0.027299501410305,9.61780698025573,9.72700498589695
26.4194753290143,100.962465720997,-0.0271051374182632,9.62052807614432,9.72894862581737
26.4892072845111,100.959995151227,-0.0265354490877019,9.62850371277217,9.73464550912298
26.6512935932611,100.953937860419,-0.0286818516272742,9.59845407721816,9.71318148372726
26.8269647406411,100.946919802432,-0.0279798809231414,9.60828166707602,9.72020119076859
26.9408621537753,100.942127420206,-0.0260506576906084,9.63529079233148,9.73949342309391
27.0547509831069,100.937144839345,-0.0252208757078544,9.64690774009004,9.74779124292146
27.2457776657282,100.928398272188,-0.0245681042578553,9.65604654039003,9.75431895742145
27.5025673120347,100.91592807051,-0.0234562119650322,9.67161303248955,9.76543788034968
27.74749591941,100.903325170944,-0.0217581442438204,9.69538598058651,9.7824185575618
28.0685487015967,100.885849533916,-0.0223576635376383,9.68699271047306,9.77642336462362
28.4838077815615,100.861818258302,-0.0209165688941032,9.70716803548255,9.79083431105897
28.5609889858454,100.857190361893,-0.0193763181912551,9.72873154532243,9.80623681808745
28.6381670897676,100.852512848262,-0.0177287615927745,9.75179733770116,9.82271238407225
28.8495612346872,100.839466870761,-0.0161456203104302,9.77396131565398,9.8385437968957
29.0775869209147,100.825051378383,-0.0144299141248891,9.79798120225155,9.85570085875111
29.3076325908386,100.810186034186,-0.0124507936079836,9.82568888948823,9.87549206392016
29.7555491143169,100.780430937273,-0.0103545920500808,9.85503571129887,9.89645407949919
29.936254483779,100.768157520863,-0.00847328361827271,9.88137402934418,9.91526716381727
30.1169504678971,100.755745297747,-0.00688670252605407,9.90358616463524,9.93113297473946
30.4660587242422,100.731425295244,-0.00538609278904817,9.92459470095333,9.94613907210952
30.5275781801268,100.727094640516,-0.00911661887748396,9.87236733571523,9.90883381122516
30.5890962048853,100.72274382038,-0.00880159833814519,9.87677762326597,9.91198401661855
30.7629050574673,100.710348464464,-0.00789930459390432,9.88940973568534,9.92100695406096
30.9453299173063,100.697188944674,-0.0115285094350015,9.83860086790998,9.88471490564998
31.035877311154,100.690596220254,-0.0163872902796498,9.7705779360849,9.8361270972035
31.1264208590915,100.683951404532,-0.0213818344162013,9.70065431817318,9.78618165583799
31.3045907180441,100.670733929624,-0.0280738020474667,9.60696677133547,9.71926197952533
31.5152447898803,100.654868954126,-0.0358142470167875,9.49860054176498,9.64185752983213
31.720321881571,100.639155132255,-0.0428288394054505,9.40039624832369,9.5717116059455
32.0118754983065,100.616325695474,-0.0485183842231511,9.32074262087589,9.51481615776849
32.4058043762589,100.584530919023,-0.0535990067351231,9.24961390570828,9.46400993264877
32.4905511515969,100.57754332142,-0.0588407496692114,9.17622950463104,9.41159250330789
32.5752931731414,100.570497705081,-0.0641544530311875,9.10183765756337,9.35845546968813
32.7625985138459,100.554733519728,-0.0687077808107477,9.03809106864953,9.31292219189252
32.9710749063264,100.536908111977,-0.0722794478728977,8.98808772977943,9.27720552127102
33.0920815925305,100.52642905477,-0.075038487833251,8.94946117033449,9.24961512166749
33.2130795534537,100.515849112551,-0.0772350490824009,8.91870931284639,9.22764950917599
33.4218828536122,100.497376163746,-0.0788503851001819,8.89609460859745,9.21149614899818
33.677210002653,100.474458288037,-0.0796772445644933,8.88451857609709,9.20322755435507
33.7549992417822,100.467406980158,-0.0796557621313265,8.88481933016143,9.20344237868674
33.8327854061213,100.460321900551,-0.0789207597090103,8.89510936407386,9.2107924029099
34.0434691063424,100.440975135803,-0.077532702450604,8.91454216569154,9.22467297549396
34.2704417240871,100.419904937678,-0.0840415041430257,8.82341894199764,9.15958495856974
34.4064671764308,100.407173173627,-0.0834646460806623,8.83149495487073,9.16535353919338
34.5424854966922,100.394366065724,-0.0818411119096363,8.85422443326509,9.18158888090364
34.8048397297464,100.369473380749,-0.0856481139857596,8.80092640419937,9.1435188601424
35.1704799534024,100.334412027591,-0.0971996160001973,8.63920537599724,9.02800383999803
35.5025131905821,100.302247539548,-0.0967460659515656,8.64555507667808,9.03253934048434
35.798900653359,100.273309312554,-0.0953363033811723,8.66529175266359,9.04663696618828
36.0976378770396,100.243953542147,-0.0994237564282342,8.60806741000472,9.00576243571766
36.4348266036204,100.21062331844,-0.10436607781104,8.53887491064544,8.9563392218896
36.805008978495,100.1738286265,-0.11182782967411,8.43441038456246,8.8817217032589
37.1583866908294,100.138538542309,-0.120869102225401,8.30783256884439,8.79130897774599
37.4661868253692,100.107690124897,-0.13200320321727,8.15195515495822,8.6799679678273
37.5282353124485,100.10143861336,-0.143385879215475,7.99259769098335,8.56614120784525
37.5902781908662,100.095131765265,-0.153710784154055,7.84804902184322,8.46289215845945
37.7130269877802,100.082497649006,-0.163128790784554,7.71619692901624,8.36871209215446
37.8463105333321,100.068553311148,-0.172298625281942,7.58781924605282,8.27701374718058
37.8810710615989,100.064864133032,-0.181355466956429,7.46102346260999,8.18644533043571
37.915827677965,100.061137007195,-0.189933823682347,7.34092646844714,8.10066176317653
38.0278337662821,100.04887495373,-0.206353965732921,7.1110444797391,7.93646034267079
38.1413973728735,100.036072208091,-0.205328292816925,7.12540390056305,7.94671707183075
38.300477377365,100.01752531235,-0.202660910368891,7.16274725483553,7.97339089631109
38.4307276806139,100.001744023686,-0.202951466406099,7.15867947031461,7.97048533593901
38.6119728906587,99.9787797755715,-0.207526358326473,7.09463098342938,7.92473641673527
38.8399613634395,99.9480700017655,-0.211502482705017,7.03896524212976,7.88497517294983
39.1567217063506,99.9017518101052,-0.216663433308136,6.9667119336861,7.83336566691864
39.6130967774454,99.8271605018707,-0.222341015655603,6.88722578082156,7.77658984344397
39.6493065243348,99.8208352074907,-0.227551906577454,6.81427330791565,7.72448093422546
39.6855048682917,99.8144414327951,-0.231581717839766,6.75785595024328,7.68418282160234
39.8057232983748,99.7927221193251,-0.234443709203076,6.71778807115694,7.65556290796924
39.9274087306531,99.7700229542632,-0.236316105964506,6.69157451649691,7.63683894035494
40.0833957760351,99.7399602134425,-0.237115927898963,6.68037700941452,7.62884072101037
40.1565422916994,99.7255046662578,-0.249132592853121,6.51214370005631,7.50867407146879
40.2296433932834,99.7108237827984,-0.247800836401955,6.53078829037262,7.52199163598045
40.3782818321633,99.6802955043742,-0.244500097911443,6.5769986292398,7.55499902088557
40.5494807305102,99.6440763107812,-0.245302922412405,6.56575908622633,7.54697077587595
40.7183562609003,99.6072736661771,-0.257315926808052,6.39757702468727,7.42684073191948
41.0932433229672,99.5219826386652,-0.255367081616944,6.42486085736279,7.44632918383056
41.1771153346873,99.5022515161882,-0.254639529962243,6.4350465805286,7.45360470037757
41.2609310368733,99.4822912999018,-0.259773860491937,6.36316595311289,7.40226139508063
41.4108456041902,99.4460291075215,-0.264782928820942,6.29303899650681,7.35217071179058
41.5820185371439,99.4038235786806,-0.271465461634334,6.19948353711932,7.28534538365666
41.6739618791505,99.3808225798829,-0.279314263862187,6.08960030592939,7.20685736137813
41.7658493999305,99.3576084666735,-0.287259362532444,5.97836892454578,7.12740637467556
41.9426148376942,99.3123636796851,-0.294478848786561,5.87729611698814,7.05521151213439
42.1586252008289,99.2561113399419,-0.335156630151562,5.30780717787814,6.64843369848439
42.3714899146871,99.1997271536872,-0.333779074904965,5.3270929513305,6.66220925095035
42.4122184505344,99.1888308382622,-0.330164375847519,5.37769873813473,6.69835624152481
42.4529347950193,99.1778892006666,-0.328947597488757,5.3947336351574,6.71052402511243
42.5760955544946,99.1445099704252,-0.331801868613297,5.35477383941384,6.68198131386703
42.7022125697547,99.1099165399179,-0.335076450712421,5.3089296900261,6.64923549287579
42.7522096921872,99.0960507799184,-0.338672406283546,5.25858631203036,6.61327593716454
42.8021677621202,99.0820432955368,-0.341937977661353,5.21286831274106,6.58062022338647
42.8999200121485,99.0542100768103,-0.343851122208611,5.18608428907945,6.56148877791389
43.0058907486661,99.0233608142894,-0.34406960855789,5.18302548018954,6.5593039144211
43.1193844415815,98.9893642628627,-0.3425411463901,5.2044239505386,6.574588536099
43.2597425291508,98.9456792196749,-0.338715822010123,5.25797849185828,6.61284177989877
43.4350244438915,98.8881424286495,-0.331232578976771,5.36274389432521,6.68767421023229
43.6906568934076,98.7973475364999,-0.340220704299719,5.23691013980393,6.59779295700281
43.9565276473141,98.6930986442887,-0.335987552294322,5.2961742678795,6.64012447705678
44.1982383800386,98.5887438843775,-0.325537532721015,5.44247454190579,6.74462467278985
44.445526128925,98.4718189487333,-0.31828898555239,5.54395420226655,6.8171101444761
44.729460963359,98.324077978168,-0.327356157432679,5.4170137959425,6.72643842567321
44.7633219521005,98.3054452878628,-0.323043525675918,5.47739064053715,6.76956474324082
44.7970823822844,98.2866233659923,-0.314936600617491,5.59088759135513,6.85063399382509
44.8930869741918,98.2317772740903,-0.325486371289948,5.44319080194073,6.74513628710052
44.9907685001987,98.1739906308238,-0.321570489262978,5.49801315031831,6.78429510737022
45.1124524374125,98.099255678673,-0.317333838897705,5.55732625543213,6.82666161102295
45.2644346045637,98.001706814678,-0.310464833830309,5.65349232637568,6.89535166169691
45.2999456243977,97.9782307911139,-0.300389028638164,5.7945535990657,6.99610971361836
45.3353277471942,97.954562400425,-0.287509165730329,5.97487167977539,7.12490834269671
45.4370257945836,97.8850052269099,-0.273460064495273,6.17155909706617,7.26539935504727
45.5420288087115,97.8108329201717,-0.25847239699139,6.38138644212054,7.4152760300861
45.6973141646038,97.6967533979782,-0.241903078266325,6.61335690427145,7.58096921733675
45.8922269995827,97.5461469294598,-0.223736853262439,6.86768405432585,7.76263146737561
46.2433517947325,97.2543129587127,-0.204394325482043,7.1384794432514,7.95605674517958
46.2628442144061,97.2373327780076,-0.186342513749145,7.39120480751197,8.13657486250855
46.2822762399302,97.2202828655115,-0.198348447370245,7.22312173681657,8.01651552629755
46.3527098590211,97.1574650022814,-0.196030945536114,7.2555667624944,8.03969054463886
46.4224571314332,97.0936985871276,-0.191362562334907,7.3209241273113,8.08637437665093
46.5061701586753,97.0151382342138,-0.199106175383086,7.2125135446368,8.00893824616914
46.6052978537044,96.9192935927892,-0.196417135652315,7.25016010086759,8.03582864347685
46.6471204962506,96.8778884796702,-0.197303707212015,7.23774809903179,8.02696292787985
46.6886145473939,96.8361522756335,-0.200286101487344,7.19599457917719,7.99713898512656
46.7663005907522,96.7562624335132,-0.204524554909134,7.13665623127213,7.95475445090866
46.8495355136662,96.6681193736216,-0.209887675507856,7.06157254289001,7.90112324492144
46.9336530882714,96.5761971206751,-0.216042556967341,6.97540420245723,7.83957443032659
47.0360428723127,96.4601112193003,-0.222010257366514,6.89185639686881,7.77989742633486
47.1613722824642,96.3111264547436,-0.235131190106256,6.70816333851242,7.64868809893744
47.3185018851003,96.1123266447937,-0.232779348128067,6.74108912620707,7.67220651871933
47.5058171753908,95.855268407756,-0.228604399881635,6.7995384016571,7.71395600118364
47.6921572296156,95.5741662558797,-0.231646496175638,6.75694905354107,7.68353503824362
47.8549498077175,95.3041875143462,-0.234508792314653,6.71687690759486,7.65491207685347
47.9989009230327,95.0433704322877,-0.238276549898261,6.66412830142435,7.61723450101739
48.0233159116861,94.9968321657908,-0.242644738561298,6.60297366014183,7.57355261438702
48.0474239581988,94.9501353953648,-0.246973208350495,6.54237508309307,7.53026791649505
48.1040731071995,94.8374496644031,-0.250418170563894,6.49414561210548,7.49581829436106
48.1622765415077,94.7172581378463,-0.25279818919833,6.46082535122338,7.4720181080167
48.2389515785672,94.5518280893542,-0.254222822039585,6.44088049144581,7.45777177960415
48.310522616204,94.3897300381947,-0.254576898343551,6.43592342319029,7.45423101656449
48.4111908680181,94.1484044798306,-0.253452464898197,6.45166549142524,7.46547535101803
48.4380325436122,94.0812900057149,-0.250406422135995,6.49431009009607,7.49593577864005
48.4644536288376,94.0140138746725,-0.245264756132294,6.56629341414788,7.54735243867706
48.5195833910943,93.8697507317193,-0.2524577588308,6.46559137636881,7.475422411692
48.5784572129644,93.709893093936,-0.250184290363134,6.49741993491613,7.49815709636866
48.610767822733,93.6196042587376,-0.246793619114416,6.54488933239818,7.53206380885584
48.6425081387629,93.5291191178692,-0.253215003965092,6.45498994448872,7.46784996034908
48.7063443184942,93.3418295696889,-0.251556209284728,6.47821307001381,7.48443790715272
48.7271045896755,93.2793505435766,-0.255132174296632,6.42814955984715,7.44867825703368
48.7476068267682,93.2167871675324,-0.25993241338823,6.36094621256477,7.4006758661177
48.7903572675609,93.0836015456087,-0.267181274827279,6.25946215241809,7.32818725172721
48.8418952377803,92.9179864345139,-0.275878651396748,6.13769888044552,7.24121348603252
48.8839648104611,92.7782374261573,-0.32063874866588,5.51105751867768,6.7936125133412
48.9414692213613,92.5796908158895,-0.319614998121372,5.52539002630079,6.80385001878628
49.011312399202,92.3250963264135,-0.316986545795026,5.56218835886963,6.83013454204974
49.0984445570471,91.9828301440129,-0.316336991973242,5.57128211237461,6.83663008026758
49.1906090147221,91.5842827437813,-0.321460241594328,5.4995566176794,6.78539758405672
49.2055928494845,91.5152799134024,-0.327592974260333,5.41369836035533,6.72407025739667
49.2202923234618,91.4462158729227,-0.335487624070381,5.30317326301466,6.64512375929619
49.2497843905068,91.3034938816473,-0.344839756648706,5.17224340691812,6.55160243351294
49.2809960162046,91.1462958152609,-0.35414170147508,5.04201617934887,6.4585829852492
49.298841217952,91.0534027850806,-0.362574800026779,4.9239527996251,6.37425199973221
49.3162617050239,90.9604290693518,-0.370267971767362,4.81624839525694,6.29732028232638
49.3466851378205,90.792545223537,-0.377522380203793,4.7146866771469,6.22477619796207
49.3831296026772,90.5817602253509,-0.384235119895272,4.6207083214662,6.15764880104729
49.4181228154992,90.3686986523654,-0.390054463406585,4.53923751230781,6.09945536593415
49.4587327900654,90.1072842832711,-0.394698197467137,4.47422523546008,6.05301802532863
49.5000725441467,89.8244179566035,-0.3979471139618,4.42874040453479,6.020528860382
49.5484783664226,89.4703239649317,-0.399481659439355,4.40725676784903,6.00518340560645
49.599221856812,89.0713943010647,-0.39876994441993,4.41722077812098,6.0123005558007
49.6163221968814,88.9304010400304,-0.395004985054668,4.46993020923465,6.04995014945332
49.6330357391744,88.7893611924341,-0.426569666009974,4.02802467586036,5.73430333990026
49.6613861915794,88.5430265946976,-0.422821528347238,4.08049860313866,5.77178471652762
49.6993370188119,88.1997805849998,-0.413275220363321,4.2141469149135,5.86724779636679
49.703663412832,88.1595332939663,-0.403819028009333,4.34653360786934,5.96180971990667
49.7079259416066,88.1192793589683,-0.394217821171153,4.48095050360385,6.05782178828847
49.7195506326422,88.0063794698367,-0.380170774469308,4.67760915742969,6.19829225530692
49.7310403871273,87.8901254673645,-0.36663451417574,4.86711680153964,6.3336548582426
49.7447990578925,87.7442327692325,-0.375660854960483,4.74074803055324,6.24339145039517
49.7476173298447,87.7129919170171,-0.371759304494347,4.79536973707914,6.28240695505653
49.7503621304787,87.6817442519307,-0.361497876716311,4.93902972597164,6.38502123283689
49.7589508003189,87.5781416251122,-0.355541127729258,5.02242421179039,6.44458872270742
49.7635287651364,87.5182772643745,-0.350598612378576,5.09161942669993,6.49401387621424
49.7677746555139,87.458384790686,-0.341244448691633,5.22257771831714,6.58755551308367
49.7747489965953,87.3481188641861,-0.351956029710313,5.07261558405562,6.48043970289687
49.7814337086352,87.2190196751238,-0.346916673774005,5.14316656716393,6.53083326225995
49.786751809755,87.0764898061527,-0.334295414104083,5.31986420254284,6.65704585895917
49.7901311782408,86.8902415863814,-0.320538728682893,5.5124577984395,6.79461271317107
49.7871383251086,86.615966050254,-0.307346240962354,5.69715262652705,6.92653759037646
49.7741944171897,86.3437710411321,-0.290121222937131,5.93830287888017,7.09878777062869
49.7520265278378,86.0825700781746,-0.293877754453265,5.88571143765428,7.06122245546735
49.7168029118686,85.798762868069,-0.288110599405456,5.96645160832361,7.11889400594544
49.6557469753108,85.4423371264853,-0.271473865826737,6.19936587842568,7.28526134173263
49.6466713694448,85.3973317665453,-0.255053406610003,6.42925230745997,7.44946593389997
49.6372687994681,85.3523890120811,-0.234195779388416,6.72125908856218,7.65804220611584
49.6130719030153,85.2433790805413,-0.211846266593439,7.03415226769186,7.88153733406561
49.5857637582599,85.1296441293014,-0.19239837360273,7.30642276956179,8.0760162639727
49.5485519359527,84.9868113492054,-0.194952738885533,7.27066165560254,8.05047261114467
49.4876671200537,84.7756820828338,-0.187070800038642,7.38100879945902,8.12929199961358
49.4316189048609,84.599763322653,-0.174574233237628,7.5559607346732,8.25425766762372
49.3406045144096,84.3412312187982,-0.163614022896011,7.70940367945584,8.36385977103989
49.317511752587,84.279878616612,-0.153764189615673,7.84730134538058,8.46235810384327
49.2939214222837,84.2187289115269,-0.137246618118102,8.07854734634658,8.62753381881899
49.2379498568588,84.0790731287101,-0.120848904902541,8.30811533136443,8.79151095097459
49.1746178300338,83.9288839612658,-0.106976158835137,8.50233377630808,8.93023841164863
49.069984868522,83.6953599710689,-0.0926288364628779,8.70319628951971,9.07371163537122
48.9745604828582,83.4949788423808,-0.0787171907370342,8.89795932968152,9.21282809262966
48.9485256984394,83.4420768543663,-0.0636854339466374,9.10840392474708,9.36314566053363
48.9221895372791,83.3893320652194,-0.051926335732111,9.27303129975045,9.48073664267889
48.8630805346478,83.2735164915856,-0.0426996843233704,9.40220441947281,9.5730031567663
48.7980355739615,83.149703814641,-0.0317342188656438,9.55572093588099,9.68265781134356
48.7108238177745,82.9888628015458,-0.0338695346159709,9.52582651537641,9.66130465384029
48.6370538145219,82.8576206574183,-0.0298906822293388,9.58153044878926,9.70109317770661
48.5736025552914,82.7486855100683,-0.0207936222864212,9.7088892879901,9.79206377713579
48.484233820464,82.6017428508696,-0.0129615930964167,9.81853769665017,9.87038406903583
48.3691404565522,82.4236496256965,-0.0113292300011834,9.84139077998343,9.88670769998816
48.1978403983694,82.1804605020927,-0.00563625394239587,9.92109244480646,9.94363746057604
47.9943917211386,81.9217108735047,-1.17239551400417e-13,9.99999999999836,9.99999999999847
47.8129827938128,81.7145101519265,-7.105427357601e-14,9.99999999999901,9.99999999999883
47.6317931955217,81.5264240369027,-4.9737991503207e-14,9.9999999999993,9.9999999999995
47.4062452720484,81.3148731083626,0,10,10
47.3834344953007,81.2947438787481,-0.00048541884952811,9.99320413610661,9.99514581150472
47.360499763613,81.2747512198813,-2.06057393370429e-13,9.99999999999712,9.99999999999737
47.2808151712593,81.2071249366434,-1.56319401867222e-13,9.99999999999781,9.99999999999794
47.198538996249,81.140116157298,-1.06581410364015e-14,9.99999999999985,9.99999999999996
47.0943998442427,81.0590811219364,4.9737991503207e-14,9.9999999999993,9.99999999999954
46.9632031973607,80.9624798450433,2.77111666946439e-13,9.99999999999612,9.99999999999726
46.7825890172309,80.8384686868539,5.04485342389671e-13,9.99999999999294,9.99999999999503
46.5931518841241,80.7184169604032,9.48574552239734e-13,9.99999999998672,9.99999999999062
46.4209095680561,80.6172741936407,1.84741111297626e-12,9.99999999997414,9.99999999998174
46.1401509726471,80.4668968793443,3.63797880709171e-12,9.99999999994907,9.99999999996401
45.8823395961139,80.3426250385517,7.22621962268022e-12,9.99999999989883,9.99999999992852
45.6622842742465,80.245554856728,1.43955958264996e-11,9.99999999979846,9.99999999985754
45.44045636912,80.1549527006519,2.87414536614961e-11,9.99999999959762,9.99999999971561
45.2021639050368,80.0645998985638,5.74260639041313e-11,9.99999999919604,9.99999999943181
44.9553733034652,79.977468884305,1.14802389816759e-10,9.99999999839277,9.99999999886416
44.7007498983707,79.8932797778185,2.29611885060876e-10,9.99999999678543,9.99999999772541
44.4328493935791,79.8098031891844,4.5917403213025e-10,9.99999999357156,9.99999999545132
44.3645653821249,79.7892716079528,9.20174159091403e-10,9.99999998711756,9.99999999079826
44.296186513867,79.7690557307474,1.8402985801913e-09,9.99999997423582,9.99999998159701
44.1631069490442,79.7306371536129,3.68053676425006e-09,9.99999994847249,9.99999996319463
44.0154738792263,79.6893608393187,7.36102023779495e-09,9.99999989694572,9.99999992638979
43.8712137541615,79.6504107302591,1.47219907375984e-08,9.99999979389213,9.99999985278009
43.6872304375236,79.6027911525916,2.94439246317779e-08,9.99999958778506,9.99999970556075
43.4466789746447,79.5440872261229,5.88877924201369e-08,9.99999917557091,9.99999941112208
43.1227129248712,79.4714303778041,1.17775511607073e-07,9.99999835114284,9.99999882224489
42.7257695061255,79.3921872565552,2.35550885442205e-07,9.9999967022876,9.99999764449115
42.6528845809107,79.3787818926108,4.71101397890331e-07,9.99999340458043,9.99999528898602
42.5799344714232,79.3657396033984,9.42201500219802e-07,9.999986809179,9.999990577985
42.4335935439402,79.3406357639515,1.88439797181928e-06,9.9999736184284,9.99998115602028
42.2711903791373,79.3143009516653,3.76877599703847e-06,9.99994723713604,9.99996231224003
42.1773155026879,79.2997790263762,7.5374724096193e-06,9.99989447538626,9.9999246252759
42.0833646576112,79.2857571382895,1.5074626614957e-05,9.99978895522739,9.99984925373385
41.9114474835656,79.2613269568263,3.01479805064956e-05,9.99957792827291,9.99969852019493
41.6970024874159,79.232929894231,6.02908695688533e-05,9.99915592782604,9.99939709130431
41.482314490232,79.2066600155713,0.000120561368003917,9.99831214084795,9.99879438631996
41.2335173501377,79.1787214764845,0.000241041207576609,9.99662542309393,9.99758958792424
40.9743580691494,79.1522319460389,0.000481755949490369,9.99325541670713,9.9951824405051
40.632890247203,79.1209519386977,0.000962203226750421,9.98652915482549,9.9903779677325
40.2156690328517,79.0875472939902,0.0019191493999511,9.97313190840068,9.98080850600049
40.071826852308,79.0771037000792,0.00381709349102435,9.94656069112566,9.96182906508976
39.9279495471535,79.0671559532316,0.00754797842849487,9.89432830200107,9.92452021571505
39.6836195181322,79.0512805225219,0.0138620648328713,9.8059310923398,9.86137935167129
39.526311718291,79.0416747078375,0.0227060555035817,9.68211522294986,9.77293944496418
39.3689775771713,79.0325061065755,0.0304892704902262,9.57315021313683,9.69510729509774
39.067661710862,79.0160216179797,0.0389285756798415,9.45499994048222,9.61071424320158
38.9902055656732,79.0120238322769,0.0463238538841167,9.35146604562237,9.53676146115883
38.9127415972303,79.008184429548,0.0514595207363781,9.27956670969071,9.48540479263622
38.7691996809496,79.0014634557434,0.0545607205647427,9.2361499120936,9.45439279435257
38.6086791689865,78.9945076170006,0.056215353404498,9.21298505233703,9.43784646595502
38.5308505479939,78.9913701589718,0.0565955797626115,9.20766188332344,9.43404420237388
38.4530141745091,78.9884310009381,0.055651405462474,9.22088032352536,9.44348594537526
38.3067011534944,78.9834100339456,0.0533991010213598,9.25241258570096,9.4660089897864
38.1348558223049,78.9783186966304,0.0503929993211959,9.29449800950326,9.49607000678804
37.9751092082673,78.9744149916475,0.0492411045571431,9.3106245362,9.50758895442857
37.7514718262973,78.9703885544953,0.0489725234456004,9.31438467176159,9.510274765544
37.4576263314545,78.967781039665,0.0482853165992459,9.32400556761056,9.51714683400754
37.0597057403896,78.9692364283174,0.0471809418906493,9.33946681353091,9.52819058109351
36.9757067017956,78.9702946449209,0.0456179661125684,9.36134847442404,9.54382033887432
36.891710326806,78.9716432710555,0.0436844142587127,9.38841820037802,9.56315585741287
36.7350763809247,78.9748798458548,0.0416002950735697,9.41759586897003,9.5839970492643
36.5578287892142,78.9795770516115,0.0394785019369269,9.44730097288302,9.60521498063073
36.4612205672837,78.9825808460068,0.037225710289366,9.47884005594888,9.62774289710634
36.3646225221346,78.9859025830456,0.0347039090630713,9.514145273117,9.65296090936929
36.182376038061,78.9929681216186,0.0318995330307483,9.55340653756952,9.68100466969252
35.9587488729208,79.0029659517017,0.0291997797582385,9.59120308338466,9.70800220241762
35.7399515367605,79.0140912293085,0.0269808050311614,9.62226872956374,9.73019194968839
35.3644808721541,79.0360397105794,0.024876571869396,9.65172799382846,9.75123428130604
34.8701543082615,79.0698090052495,0.024228860994016,9.66079594608378,9.75771139005984
34.744442906854,79.0791870646035,0.0253821698680793,9.64464962184689,9.74617830131921
34.6187554980467,79.0888663480301,0.0263459384136313,9.63115686220916,9.73654061586369
34.3952699029592,79.1067484538827,0.0273945260697244,9.61647663502386,9.72605473930276
34.3073925817739,79.1140100940384,0.0286992172759843,9.59821095813622,9.71300782724016
34.2195277374839,79.1214187954013,0.0300952766122345,9.57866612742872,9.69904723387765
34.041189790012,79.136877734772,0.0346222125453974,9.51528902436444,9.65377787454603
33.8291760303127,79.1559673357889,0.0337816049365095,9.52705753088887,9.6621839506349
33.6261102056904,79.1750048343363,0.031489762214248,9.55914332900053,9.68510237785752
33.3372421952635,79.2033949928217,0.0316250503395831,9.55724929524584,9.68374949660417
32.9474102042785,79.2441594035996,0.0321634255613219,9.54971204214149,9.67836574438678
32.862289515573,79.2534392420898,0.0328180800459293,9.54054687935699,9.67181919954071
32.7771848707074,79.2628657009717,0.0334801101525572,9.5312784578642,9.66519889847443
32.5945019779329,79.2835634887343,0.0381057035794809,9.46652014988727,9.61894296420519
32.3902363778272,79.3073839329827,0.0371180151617337,9.48034778773573,9.62881984838266
32.2736936883704,79.3212870928217,0.0347208039056575,9.5139087453208,9.65279196094342
32.1571788187831,79.3354218601628,0.0338639535109001,9.5259046508474,9.661360464891
31.9543699430488,79.360533207234,0.0371886121913553,9.47935942932103,9.62811387808645
31.7082333935404,79.3917822790237,0.0355387608245973,9.50245734845564,9.64461239175403
31.4611883397419,79.4239276172315,0.033725522971067,9.52784267840506,9.66274477028933
31.0596633520339,79.4776910867373,0.0334770414941165,9.53132141908237,9.66522958505883
30.904579625771,79.4989218872376,0.0333679553671598,9.53284862485976,9.6663204463284
30.749528996991,79.5203926965618,0.032796922855987,9.54084308001618,9.67203077144013
30.4771168609914,79.5586375306029,0.0375599065785844,9.47416130789982,9.62440093421415
30.3132406234653,79.5819423288078,0.0484040958791658,9.32234265769168,9.51595904120834
30.149394002236,79.6054544192319,0.0479933370917261,9.32809328071583,9.52006662908274
29.8513841219336,79.64869076175,0.0468206508900652,9.34451088753909,9.53179349109935
29.6939939380134,79.6717456426706,0.0505609827761569,9.2921462411338,9.49439017223843
29.5366239271088,79.6949380936915,0.0551664059220205,9.22767031709171,9.4483359407798
29.2022364531173,79.7446240996777,0.0622440178636668,9.12858374990866,9.37755982136333
29.0118486208564,79.7731315373829,0.070983985104216,9.00622420854098,9.29016014895784
28.821481421213,79.8017768801433,0.0811402272442047,8.86403681858113,9.18859772755795
28.7515304767071,79.8123214954804,0.0906359328080441,8.73109694068738,9.09364067191956
28.6815771625213,79.8228509492792,0.0984686391407561,8.62143905202941,9.01531360859244
28.5163012584719,79.8476711116995,0.105340062635646,8.52523912310096,8.94659937364354
28.3378808796975,79.8743833843621,0.112254912826425,8.42843122043004,8.87745087173575
28.0932511430096,79.9108890801764,0.119271724719248,8.33019585393052,8.80728275280751
28.0170584828641,79.9222170322664,0.125580911425145,8.24186724004798,8.74419088574856
27.940858190273,79.9334953177342,0.130684636792148,8.17041508490993,8.69315363207852
27.776678830258,79.9576351295912,0.134783681839813,8.11302845424262,8.65216318160187
27.5960965227657,79.983958295546,0.138981358094521,8.05426098667671,8.61018641905479
27.4975958913173,79.9982163849867,0.141602973420737,8.01755837210968,8.58397026579263
27.3990835401913,80.0123953483963,0.143503630713532,7.99094917001054,8.56496369286468
27.1900761108108,80.0422281295723,0.144298250421127,7.97982449410422,8.55701749578873
26.9984963776955,80.0692540449346,0.143856436427852,7.98600989001008,8.56143563572148
26.7075468351305,80.109646239156,0.142582820697257,8.0038405102384,8.57417179302743
26.3181541064212,80.1623828108263,0.140592898695907,8.03169941825731,8.59407101304094
26.2340239820849,80.1735651525961,0.14970569114425,7.90412032398051,8.5029430885575
26.1498824158259,80.1846619251894,0.147549648792208,7.93430491690909,8.52450351207792
25.9574769737952,80.209736843201,0.144709987591195,7.97406017372327,8.55290012408805
25.7443272260451,80.2370796048058,0.147915240322035,7.92918663549151,8.52084759677965
25.6151235976822,80.2534300057672,0.15066366972795,7.8907086238087,8.4933633027205
25.4858977440422,80.2696021143705,0.154294035909138,7.83988349727207,8.45705964090862
25.2727217315514,80.2959278629645,0.158388322147432,7.78256348993595,8.41611677852568
25.0070567857538,80.3281997814057,0.162111538724808,7.73043845785269,8.37888461275192
24.7796008943006,80.3553970035783,0.16477088267888,7.69320764249568,8.3522911732112
24.4224514182783,80.3973530191178,0.166465542098444,7.66948241062178,8.33534457901556
23.9595681256084,80.4505031006296,0.167483757157598,7.65522739979363,8.32516242842402
23.562685734158,80.4951030430726,0.175460980740585,7.54354626963181,8.24539019259415
23.5072076180824,80.5012556374553,0.186080607615723,7.39487149337988,8.13919392384277
23.4517250469198,80.5073682343004,0.183807711764783,7.42669203529304,8.16192288235217
23.2949462610009,80.5244345765731,0.178532754493637,7.50054143708908,8.21467245506363
23.1313568166425,80.5419398314856,0.173630598130231,7.56917162617676,8.26369401869769
22.8641653528138,80.5698059103198,0.17200048712587,7.59199318023781,8.2799951287413
22.6496810440107,80.5914297704296,0.170203052051388,7.61715727128056,8.29796947948612
22.3721241328039,80.6183283384021,0.166943338631248,7.66279325916253,8.33056661368752
21.9934140603027,80.6529511453948,0.160849854255324,7.74810204042546,8.39150145744676
21.5576846684335,80.6897872902305,0.169617153128904,7.62535985619534,8.30382846871096
21.4926597639027,80.6950105124332,0.166107011425688,7.67450184004037,8.33892988574312
21.42762863178,80.7001571762667,0.158550816619356,7.78028856732902,8.41449183380644
21.2395882036282,80.7146361561027,0.150744863545728,7.88957191035981,8.49255136454272
21.0415187353438,80.729298950248,0.155180859000634,7.82746797399112,8.44819140999366
20.8456192857379,80.7432471984936,0.150847357017345,7.88813700175717,8.49152642982655
20.5290833369763,80.7646894657881,0.142009912397446,8.01186122643576,8.57990087602554
20.11245872672,80.7910280943095,0.13628591207753,8.09199723091458,8.6371408792247
20.0309990223537,80.7959458554301,0.131631894412833,8.15715347822033,8.68368105587166
19.9495348964879,80.8007873573701,0.1384573759334,8.06159673693241,8.615426240666
19.7287646059442,80.8135566277463,0.135607881170079,8.10148966361889,8.64392118829921
19.4893706795122,80.8268892621446,0.134675969382552,8.11453642864427,8.65324030617448
19.221865550669,80.8412260190901,0.1363987879951,8.0904169680686,8.636012120049
18.8012459592724,80.8627158074711,0.138103206994428,8.06655510207801,8.61896793005572
18.7542502996012,80.8650214721136,0.140174453939102,8.03755764485257,8.59825546060898
18.7072511593844,80.8672573843968,0.142240471052571,8.008633405264,8.57759528947429
18.5844499554241,80.8727849447315,0.143649497238222,7.98890703866489,8.56350502761778
18.4565446778371,80.8780893581311,0.148329941539374,7.92338081844876,8.51670058460626
18.2933006087095,80.8842464218106,0.155864038497048,7.81790346104133,8.44135961502952
18.2279381785361,80.8865019989888,0.15332452384298,7.85345666619828,8.4667547615702
18.1625693483285,80.888594249257,0.148042977450778,7.92739831568911,8.51957022549222
18.0243370740164,80.8924954177107,0.147597341962582,7.93363721252385,8.52402658037418
17.9009768699889,80.8953005802208,0.146885465746816,7.94360347954457,8.53114534253184
17.7223561009554,80.8980225043144,0.145514943810215,7.96279078665699,8.54485056189785
17.5011404442358,80.8988721317264,0.142782487761644,8.00104517133698,8.57217512238356
17.1891135415054,80.8947262297896,0.136961707130272,8.0825361001762,8.63038292869729
17.1448019014898,80.8935728619612,0.146704001383129,7.9461439806362,8.53295998616871
17.1004914335712,80.8922249880348,0.144050686918757,7.9832903831374,8.55949313081243
16.9882834974005,80.8879769210871,0.137478949350876,8.07529470908773,8.62521050649124
16.8715429237144,80.8823552063661,0.130436891627709,8.17388351721207,8.69563108372291
16.7254748305653,80.873719237602,0.125589152955716,8.24175185861997,8.74410847044284
16.5424206509129,80.8605923277677,0.120922667328354,8.30708265740305,8.79077332671646
16.2856384837831,80.8382953169953,0.118480767587304,8.34126925377775,8.81519232412696
16.0751906508107,80.8168019635591,0.12827703062176,8.20412157129536,8.7172296937824
15.8838651152814,80.7947742447748,0.126122473777687,8.23428536711238,8.73877526222313
15.8294644657879,80.7880740197266,0.126019433585583,8.23572792980184,8.73980566414417
15.7750901507311,80.7811689288204,0.130353380255359,8.17505267642497,8.69646619744641
15.6330248132027,80.7621928418972,0.134644601960939,8.11497557254685,8.6535539803906
15.4837315897933,80.7408808585297,0.140458555781977,8.03358021905232,8.59541444218023
15.3267180228954,80.7170184639045,0.147329114452592,7.93739239766371,8.52670885547408
15.0967268214678,80.6794936242758,0.153948155823582,7.84472581846985,8.46051844176418
14.7939114532963,80.6256993302942,0.159596395177204,7.76565046751914,8.40403604822796
14.3530521990246,80.5393009439452,0.164529128727038,7.69659219782146,8.35470871272962
14.2674099726699,80.5214898098554,0.169183981376156,7.63142426073382,8.30816018623844
14.1818389038028,80.5033554620199,0.178118464619226,7.50634149533084,8.21881535380775
14.0179975366604,80.4677608407234,0.180905692979691,7.46732029828432,8.19094307020309
13.8319395076797,80.4260800917068,0.182869112327733,7.43983242741174,8.17130887672267
13.7305213083836,80.4028358171796,0.184843123530179,7.4121962705775,8.15156876469821
13.6291856128592,80.3792453643876,0.186217890377077,7.39294953472092,8.13782109622922
13.4373511020314,80.3336462277007,0.205627444815176,7.12121577258753,7.94372555184824
13.2415454250055,80.2855831431003,0.203827360851355,7.14641694808102,7.96172639148645
13.0791926233314,80.2442786317688,0.198563378451733,7.22011270167574,8.01436621548267
12.8444774487556,80.1818370866968,0.192997767051149,7.29803126128392,8.07002232948851
12.5369218978979,80.0945077483771,0.185495038605725,7.40306945951985,8.14504961394275
12.1302281762104,79.9684782098293,0.188624137781578,7.35926207105791,8.11375862218422
12.0930770096271,79.9563319975572,0.185064273894868,7.40910016547184,8.14935726105132
12.0559624888193,79.9440710590423,0.180676667780472,7.47052665107339,8.19323332219528
11.9338450624459,79.9028686557697,0.183604483838538,7.42953722626047,8.16395516161462
11.8102573435213,79.859898315963,0.189973289412188,7.34037394822936,8.10026710587812
11.6499693275589,79.8024034179573,0.19647042099183,7.24941410611438,8.0352957900817
11.5714990435132,79.7735412121677,0.205059891523931,7.12916151866496,7.94940108476069
11.4931872742037,79.7442467779155,0.215037027883255,6.98948160963443,7.84962972116745
11.3488165079929,79.6890309902658,0.2247665690018,6.8532680339748,7.752334309982
11.157968188836,79.6137721142708,0.233608988249185,6.72947416451142,7.66391011750815
11.0013845908247,79.5501556893004,0.241939937335537,6.61284087730248,7.58060062664463
10.7750719743551,79.4553310281661,0.250170579567259,6.49761188605837,7.49829420432741
10.7007278563205,79.423447067797,0.258170820253405,6.38560851645233,7.41829179746595
10.6265205506849,79.3912486754723,0.284450378984297,6.01769469421985,7.15549621015703
10.4771203920199,79.3253632192782,0.28304372153009,6.03738789857874,7.1695627846991
10.3102443999109,79.2502140068003,0.279559186050385,6.0861713952946,7.20440813949615
10.1377700951414,79.1709172862739,0.279657100666323,6.08480059067148,7.20342899333677
9.89688844539272,79.0575805300546,0.283786732245511,6.02698574856285,7.16213267754489
9.56702843462593,78.8979201115896,0.287753932534843,5.9714449445122,7.12246067465157
9.14630917395756,78.6877678913371,0.292614583901219,5.90339582538293,7.07385416098781
9.02622645789784,78.6266034169263,0.297532141846226,5.83455001415283,7.02467858153774
8.90634024174239,78.5650561885937,0.301342718985961,5.78120193419654,6.98657281014039
8.69803187211437,78.4570826583546,0.303627012849811,5.74922182010265,6.96372987150189
8.40414702963645,78.302788764592,0.304491040935621,5.73712542690131,6.95508959064379
8.15729021179659,78.171640557723,0.30382178585035,5.7464949980951,6.9617821414965
8.12100839649426,78.1522430816541,0.300960182358826,5.78655744697644,6.99039817641174
8.08475295014192,78.1327966198865,0.295644984903257,5.8609702113544,7.04355015096743
7.97120184446302,78.0714991179972,0.311315560331891,5.64158215535352,6.88684439668109
7.85555766657516,78.0084918969529,0.309047019155777,5.67334173181913,6.90952980844223
7.79078411554453,77.9729027324114,0.304504889931948,5.73693154095272,6.95495110068051
7.72612709834453,77.937102518097,0.306534502617996,5.70851696334806,6.93465497382004
7.60711873712379,77.8705184358408,0.309797444945599,5.66283577076162,6.90202555054401
7.46510978218989,77.7898000246241,0.314519711455824,5.59672403961846,6.85480288544176
7.31434317763213,77.7023808297644,0.35058857831049,5.09175990365314,6.4941142168951
7.10962849097307,77.5804816121114,0.348947978401843,5.1147283023742,6.51052021598157
6.83174522103531,77.4084693743392,0.344695001196218,5.17426998325295,6.55304998803782
6.41106423018905,77.1323765676451,0.34443336178475,5.1779329350135,6.5556663821525
6.37825551213127,77.1100036686919,0.346832809529581,5.14434066658586,6.53167190470419
6.34551495936001,77.0875283765246,0.349669258950401,5.10463037469438,6.50330741049599
6.24072762250023,77.0146280703182,0.352461793341037,5.06553489322548,6.47538206658963
6.13477002719213,76.9394843152713,0.354444447310287,5.03777773765598,6.45555552689713
5.99831591425156,76.8407362790973,0.354873601765265,5.03176957528629,6.45126398234735
5.82252553964433,76.710493228869,0.353569748123132,5.05002352627615,6.46430251876868
5.63355249406763,76.5668326195992,0.350282806080805,5.09604071486872,6.49717193919195
5.57886562521535,76.5245539670971,0.343887616208178,5.1855733730855,6.56112383791822
5.52433788539974,76.4820727079404,0.354008085805509,5.04388679872288,6.45991914194491
5.39549870759704,76.3804680985103,0.349284103590039,5.11002254973945,6.50715896409961
5.25204780744737,76.265390044606,0.338742980245582,5.25759827656185,6.61257019754418
5.06958115360386,76.1161622318266,0.329278948278246,5.39009472410455,6.70721051721754
4.81978513451347,75.9069910910623,0.330315821471761,5.37557849939535,6.69684178528239
4.46846632881642,75.6041373687908,0.322682055370576,5.48245122481194,6.77317944629424
4.40329545931668,75.5469307961968,0.31859071163476,5.53973003711335,6.8140928836524
4.33828343193864,75.4895462883069,0.342474653683391,5.20535484843252,6.57525346316609
4.19849857205099,75.3651653050781,0.340130378233111,5.23817470473645,6.59869621766889
4.04208289347589,75.2245263004267,0.335559170833903,5.30217160832536,6.64440829166097
3.96312194935821,75.1529829697616,0.330575270612583,5.37194621142383,6.69424729387417
3.88434397994126,75.0812393389241,0.337507655436651,5.27489282388688,6.62492344563349
3.73350704548921,74.9429375166792,0.334953512957143,5.3106508186,6.65046487042857
3.68698222524086,74.8999841838573,0.336441258609943,5.28982237946079,6.63558741390057
3.64057915733359,74.8568992233293,0.354938141043387,5.03086602539259,6.45061858956613
3.54925252161116,74.7714122792807,0.352357755309498,5.06699142566703,6.47642244690502
3.44434537151563,74.6719313437736,0.355768076237059,5.01924693268117,6.44231923762941
3.33574475228548,74.5671407653733,0.361002390128413,4.94596653820222,6.38997609871587
3.19339297083158,74.4263862355345,0.36655408406435,4.8682428230991,6.3344591593565
3.00818440127272,74.23633380276,0.371565724348081,4.79807985912686,6.28434275651919
2.98012311966538,74.2067393883272,0.375632162590727,4.74114972372983,6.24367837409273
2.95220191024072,74.1770079860661,0.378736381676814,4.6976906565246,6.21263618323186
2.87755369372545,74.0961456297921,0.380753984020149,4.66944422371791,6.19246015979851
2.8015055947542,74.0117504184299,0.381254551658488,4.66243627678116,6.18745448341512
2.7079572824254,73.9052196468329,0.379623089674021,4.6852767445637,6.20376910325979
2.59306160120332,73.7703955465592,0.375048482648666,4.74932124291868,6.24951517351334
2.46074668534109,73.609491704154,0.366698353708655,4.86622304807883,6.33301646291345
2.35525161680895,73.4765776709483,0.374862916882665,4.75191916364269,6.25137083117335
2.20667732053384,73.2819453666592,0.370340325421271,4.81523544410221,6.29659674578729
2.0213870955009,73.0261514315895,0.35867991660069,4.97848116759034,6.4132008339931
1.98664801095463,72.9764617292934,0.348743838789215,5.11758625695099,6.51256161210785
1.95219932317041,72.926568832089,0.334920030878237,5.31111956770468,6.65079969121763
1.87761678417859,72.8164638044951,0.353070169711053,5.05701762404525,6.46929830288947
1.79873446674806,72.6969610113944,0.350983372438898,5.08623278585543,6.49016627561102
1.69143601908677,72.5294310864239,0.344826902496876,5.17242336504374,6.55173097503124
1.59946024608517,72.3811901475068,0.344933967601659,5.17092445357678,6.55066032398341
1.46911485147042,72.1636823629448,0.344800038983469,5.17279945423144,6.55199961016532
1.29041456246457,71.8512891832248,0.34408534436342,5.18280517891213,6.5591465563658
1.25073338378387,71.7796848599512,0.341991292767673,5.21212190125258,6.58008707232327
1.21140987188925,71.7078899899713,0.337281076850505,5.27806492409293,6.62718923149495
1.13266693260296,71.5617145209206,0.328130254493272,5.4061764370942,6.71869745506728
1.04570683527007,71.396740336438,0.340107669159925,5.23849263176104,6.59892330840075
1.0184397934554,71.3441694731003,0.336159424628444,5.29376805520179,6.63840575371556
0.991409577988617,71.29147629185,0.32580290489304,5.43875933149744,6.7419709510696
0.937982681349057,71.1856283370564,0.314790375201197,5.59293474718324,6.85209624798803
0.877021793316851,71.0616589884163,0.316137984718022,5.57406821394769,6.83862015281978
0.814401725936477,70.9298548192085,0.309695715897945,5.66425997742877,6.90304284102055
0.735391819140543,70.7553888041574,0.299990416643366,5.80013416699288,7.00009583356634
0.636881779964915,70.5212489808485,0.290691203346305,5.93032315315173,7.09308796653695
0.623869810594521,70.4885849022558,0.274550825060959,6.15628844914658,7.25449174939041
0.611046629231044,70.4558413011188,0.255474972695422,6.4233503822641,7.44525027304578
0.574460426020819,70.3592601623219,0.237337279399303,6.67727808840975,7.62662720600697
0.538721567829487,70.2600972626486,0.237884398223946,6.66961842486476,7.62115601776054
0.496770423536363,70.1370381828242,0.232247843379987,6.74853019268018,7.67752156620013
0.448231349382809,69.984594057606,0.22196978676966,6.89242298522476,7.7803021323034
0.436873965147612,69.9471273095631,0.212427230938623,7.02601876685927,7.87572769061377
0.425733599510035,69.9095914806182,0.201738785457263,7.17565700359832,7.98261214542737
0.391497067490455,69.7889965632484,0.21165195111849,7.03687268434115,7.8834804888151
0.357418716367753,69.6600813220147,0.20645982412273,7.10956246228178,7.9354017587727
0.322833407184717,69.5180657696394,0.194520568079026,7.27671204689364,8.05479431920974
0.28236234478979,69.3331071698288,0.18169385577811,7.45628601910645,8.1830614422189
0.237420017233545,69.0933475036183,0.169322846704814,7.62948014613261,8.30677153295186
0.19160704154957,68.7845236309062,0.156781738006778,7.80505566790511,8.43218261993222
0.184731808309512,68.7285670859201,0.137436398958367,8.07589041458286,8.62563601041633
0.178311512130425,68.6725559702714,0.119225123479608,8.33084827128549,8.80774876520392
0.165629026560674,68.547953340257,0.100216534606127,8.59696851551422,8.99783465393873
0.15437398151352,68.4143531534272,0.0806261021108762,8.87123457044773,9.19373897889124
0.142839612337276,68.234340237629,0.0626065647504417,9.12350809349382,9.37393435249558
0.135356298211518,68.0566206291347,0.0412130538024138,9.42301724676621,9.58786946197586
0.130980452372266,67.7959781666853,0.0191266440349972,9.73222698351004,9.80873355965003
0.131077340416771,67.7265465416333,8.04911692853238e-16,9.99999999999999,10
0.131697070223896,67.6571268043947,-7.74935671188359e-14,9.99999999999891,9.99999999999923
0.134924718866958,67.500348202919,-0.0111633055340511,9.84371372252328,9.88836694465949
0.141137856519407,67.3294008133594,-0.0215414412418015,9.69841982261478,9.78458558758198
0.146119109200178,67.2269810753493,-0.0360515628385701,9.49527812026002,9.6394843716143
0.151993843770189,67.1246281058022,-0.0527651660990046,9.26128767461394,9.47234833900995
0.165932799073416,66.9244818538831,-0.0676047752490963,9.05353314651265,9.32395224750904
0.18171709728916,66.7424939309507,-0.0790801492649551,8.89287791029063,9.20919850735045
0.197769623681569,66.5880454542833,-0.0881162021870755,8.76637316938094,9.11883797812925
0.225181991447612,66.3688071086324,-0.0954787509948451,8.66329748607217,9.04521249005155
0.267674826690919,66.0950778939053,-0.101009844458403,8.58586217758236,8.98990155541597
0.334541911209253,65.7533506153434,-0.104311109084622,8.53964447281528,8.95688890915378
0.422961318472786,65.39131157965,-0.105881001011186,8.5176659858434,8.94118998988814
0.513074111231495,65.0824114431795,-0.106477290474988,8.50931793335017,8.93522709525012
0.59863315076124,64.8247814694351,-0.105213261690856,8.52701433632802,8.94786738309144
0.694371101919774,64.5651458700894,-0.102482089762509,8.56525074332487,8.97517910237491
0.819538237355072,64.2584625129111,-0.0990168891152195,8.61376355238693,9.00983110884781
0.843404240121625,64.2033538345831,-0.0948198093633621,8.67252266891293,9.05180190636638
0.867640857456955,64.148407849643,-0.0892786515354672,8.75009887850346,9.10721348464533
0.924111097010499,64.0239557963368,-0.0819614020860265,8.85254037079563,9.18038597913974
0.986642622547302,63.8912140081246,-0.073722674485653,8.96788255720086,9.26277325514347
1.07662771316245,63.7079981938498,-0.0664712666065741,9.06940226750796,9.33528733393426
1.15452162322583,63.5557152584657,-0.0604451350595414,9.15376810916642,9.39554864940459
1.27344214469499,63.3326157858287,-0.0555860234749939,9.22179567135009,9.44413976525006
1.46326131229149,62.9952000991849,-0.0593946486070708,9.16847491950101,9.40605351392929
1.48371041984971,62.9600387851218,-0.0575099800462572,9.1948602793524,9.42490019953743
1.50430158373382,62.9249600353965,-0.0522402163759266,9.26863697073703,9.47759783624073
1.56044748154663,62.8308658599302,-0.0492359283218176,9.31069700349455,9.50764071678182
1.61943699718178,62.7342405388281,-0.0466408091124551,9.34702867242563,9.53359190887545
1.69436679662691,62.6144479190135,-0.0426620208183741,9.40273170854276,9.57337979181626
1.71150736214613,62.587521429129,-0.0370364744999026,9.48148935700136,9.62963525500097
1.72875003587906,62.5606593198102,-0.0412259742514768,9.42283636047932,9.58774025748523
1.78894573065712,62.4685405180299,-0.0393778009772295,9.44871078631879,9.60622199022771
1.85072843827356,62.3764702408906,-0.0347450066322456,9.51356990714856,9.65254993367754
1.91101325164463,62.2890032356103,-0.0307744794810039,9.56915728726595,9.69225520518996
1.99982555261601,62.1644482629287,-0.0319302765030788,9.5529761289569,9.68069723496921
2.11004188270873,62.0168990808865,-0.0291995670182377,9.59120606174467,9.70800432981762
2.26607767455399,61.8206977094047,-0.0258508225027259,9.63808848496184,9.74149177497274
2.29030545394986,61.7915296970213,-0.022978149420386,9.6783059081146,9.77021850579614
2.31473196426382,61.7625204566484,-0.020259672495739,9.71636458505965,9.79740327504261
2.38267879722041,61.68380015011,-0.018560416328478,9.74015417140131,9.81439583671522
2.45394656386293,61.6041041891264,-0.0175437766131948,9.75438712741527,9.82456223386805
2.54390227669514,61.5072758339573,-0.0166763008090341,9.76653178867352,9.83323699190966
2.65781640263214,61.3900141375941,-0.0158629375667939,9.77791887406488,9.84137062433206
2.70709701603301,61.3410078380998,-0.0151679348726026,9.78764891178356,9.84832065127397
2.7569024489196,61.2925226251863,-0.0147598541710832,9.79336204160484,9.85240145828917
2.8539215236852,61.200875513317,-0.0144116789109599,9.79823649524656,9.8558832108904
2.96803742678938,61.0974755042284,-0.0141958230051009,9.80125847792859,9.85804176994899
3.08603604514664,60.995239322861,-0.0140744630471411,9.80295751734003,9.85925536952859
3.24903020457806,60.8612821164663,-0.0140103458272457,9.80385515841856,9.85989654172754
3.46440772170217,60.6960300072754,-0.0139871682582599,9.80417964438436,9.8601283174174
3.51080410808735,60.6620546037754,-0.0139967560109715,9.8040454158464,9.86003243989028
3.55747873115761,60.6284637753207,-0.0140213691688586,9.80370083163598,9.85978630831141
3.66228525130661,60.5550696121977,-0.0218894127712684,9.69354822120224,9.78110587228732
3.77915742734326,60.476326246742,-0.0213081636479994,9.70168570892801,9.78691836352001
3.97662566913508,60.3500844624547,-0.0219012294838402,9.69338278722624,9.7809877051616
4.25686011575737,60.1839280918783,-0.0267578432707883,9.62539019420896,9.73242156729212
4.53752139048194,60.0305760704477,-0.0312731177683733,9.56217635124277,9.68726882231627
4.77264423352106,59.9105771514368,-0.0375286304830558,9.47459917323722,9.62471369516944
4.99860613375356,59.8014117174843,-0.0453131990125117,9.36561521382484,9.54686800987488
5.25051807117486,59.6857312254524,-0.0532430964460653,9.25459664975508,9.46756903553935
5.29277864462223,59.6668879707436,-0.0591636394477095,9.17170904773207,9.40836360552291
5.33510573340871,59.648197155086,-0.0642099343605061,9.10106091895292,9.35790065639494
5.45679581932529,59.5954228339711,-0.0691974381654522,9.03123586568367,9.30802561834548
5.58325805738495,59.5419882793359,-0.0742807646886904,8.96006929435833,9.2571923531131
5.61313924517703,59.5295808836282,-0.0788011164656137,8.89678436948141,9.21198883534386
5.64305951653806,59.5172678357071,-0.0822294542789827,8.84878764009424,9.17770545721017
5.74836458969769,59.4747753068946,-0.084711342090918,8.81404121072715,9.15288657909082
5.85482141273056,59.4330743586281,-0.086586046239103,8.78779535265256,9.13413953760897
5.98965709761082,59.3819560574196,-0.0878976535385907,8.76943285045973,9.12102346461409
6.12247404240596,59.3334963059614,-0.0895188216706456,8.74673649661096,9.10481178329354
6.28485335435748,59.2768984156246,-0.0982862307131435,8.62399277001599,9.01713769286857
6.49658157475313,59.2075789092979,-0.0973871901107361,8.63657933844969,9.02612809889264
6.78124210708763,59.1224285075776,-0.0946557228107507,8.67481988064949,9.05344277189249
7.15012903282747,59.0255606343138,-0.0959014211944328,8.65738010327794,9.04098578805567
7.52238852996597,58.9424879314131,-0.0978685603365529,8.62984015528826,9.02131439663447
7.82366389264377,58.8853071695901,-0.100726682939744,8.58982643884358,8.99273317060256
8.08124068520624,58.8430106792341,-0.103792203065796,8.54690915707885,8.96207796934204
8.36634419567735,58.8027338042674,-0.106606551211495,8.50750828303908,8.93393448788505
8.42067077665229,58.7958063669574,-0.10839354159216,8.48249041770977,8.9160645840784
8.47502650108191,58.789114630913,-0.109160276584868,8.47175612781184,8.90839723415132
8.63060054918216,58.7712130746169,-0.10927145530447,8.47019962573742,8.9072854469553
8.79345723429005,58.7543186599934,-0.108744098018838,8.47758262773627,8.91255901981162
8.99765361719674,58.7356014035739,-0.10719769500895,8.4992322698747,8.9280230499105
9.24503735109916,58.7162983881812,-0.104387779375273,8.53857108874617,8.95612220624727
9.60378303396915,58.694131760618,-0.110088809045011,8.45875667336984,8.89911190954989
9.69581778325541,58.6894549431195,-0.10809366483407,8.48668869232302,8.9190633516593
9.78787028898672,58.6851773642292,-0.104915299200928,8.531185811187,8.95084700799072
9.96518868717718,58.6779742093548,-0.108189631628213,8.48534515720501,8.91810368371787
10.1689511740026,58.671208295533,-0.112583697171732,8.42382823959575,8.87416302828268
10.4775272121545,58.663600493749,-0.118687941491506,8.33836881911892,8.81312058508494
10.5899891551056,58.6615409193923,-0.1296999884685,8.184200161441,8.703000115315
10.702457787947,58.6598586895638,-0.1363742005367,8.0907611924862,8.636257994633
10.8968293659862,58.6577737655197,-0.14167636718513,8.01653085940818,8.5832363281487
10.9843427945862,58.6572082719824,-0.14822832713504,7.92480342010944,8.5177167286496
11.0718575138389,58.6569225502195,-0.169404771025372,7.62833320564479,8.30595228974628
11.2220450744049,58.6570426400427,-0.16847856549148,7.64130008311928,8.3152143450852
11.4034627077546,58.6581995081339,-0.165527221391819,7.68261890051453,8.34472778608181
11.5830827198965,58.6604917231095,-0.162423504010709,7.72607094385007,8.37576495989291
11.8354469761506,58.6657246077073,-0.159039450697952,7.77344769022868,8.40960549302048
12.1736323953059,58.6765134465741,-0.168607441004738,7.63949582593367,8.31392558995262
12.5980829452423,58.6961451707602,-0.166687352822203,7.66637706048916,8.33312647177797
12.6708682113606,58.7001866472776,-0.164645802442538,7.69495876580446,8.35354197557462
12.7436417924104,58.704439540766,-0.167651604245286,7.65287754056599,8.32348395754714
12.9059166079303,58.7146372171578,-0.170372190773793,7.6147893291669,8.29627809226207
13.0833549842138,58.7268231671383,-0.173739776330509,7.56764313137287,8.26260223669491
13.1876831724154,58.7344725831632,-0.177213861120662,7.51900594431073,8.22786138879338
13.2919849071598,58.7424792647469,-0.179853280886667,7.48205406758667,8.20146719113334
13.4816504824256,58.7578849267577,-0.181189091304959,7.46335272173057,8.1881090869504
13.7218201162572,58.7788438224141,-0.181472301923587,7.45938777306978,8.18527698076413
13.9570207640541,58.8008349737361,-0.190863451199737,7.32791168320369,8.09136548800263
14.3412227495819,58.8395899816786,-0.188199145003849,7.36521196994611,8.11800854996151
14.4357760547173,58.8496275661447,-0.182504833230892,7.44493233476752,8.17495166769108
14.5303085819625,58.8598572223449,-0.181577566156954,7.45791407380264,8.18422433843046
14.7329774778375,58.8823874352366,-0.180228356161067,7.47680301374507,8.19771643838933
14.9641909648058,58.9089790852486,-0.177661290687096,7.51274193038066,8.22338709312904
15.0550864176632,58.919651348128,-0.191696313280034,7.31625161407952,8.08303686719966
15.145971537055,58.9304091915173,-0.189322258645252,7.34948837896648,8.10677741354748
15.3333023111404,58.9528325733818,-0.185221952235245,7.40689266870656,8.14778047764755
15.5573179195788,58.9799803603925,-0.187643002261622,7.37299796833729,8.12356997738378
15.7818826675915,59.0073830319939,-0.190919561169441,7.32712614362783,8.09080438830559
16.0955791662859,59.0456885654598,-0.195325398599976,7.26544441960033,8.04674601400023
16.5132387086921,59.0962529359988,-0.20058582136676,7.19179850086536,7.9941417863324
16.5909996957138,59.1055665644212,-0.206129153815759,7.11419184657938,7.93870846184241
16.6687673302169,59.114830127361,-0.210868866383501,7.04783587063099,7.89131133616499
16.8520146114897,59.1364734946494,-0.214534754103788,6.99651344254697,7.85465245896212
17.0520739770932,59.1598370807121,-0.21741457968091,6.95619588446726,7.8258542031909
17.1717993039452,59.1736790994092,-0.23907516564625,6.65294768095249,7.6092483435375
17.2915387464161,59.1874031603179,-0.237063130209168,6.68111617707165,7.62936869790832
17.5015014974279,59.2112104158235,-0.232112217186672,6.75042895938659,7.67887782813328
17.7727202086802,59.2415074387645,-0.230298859273092,6.77581597017671,7.69701140726908
18.0220150161607,59.2689024743003,-0.230587884653716,6.77176961484798,7.69412115346284
18.3336488573377,59.3025477413159,-0.23038446000712,6.77461755990032,7.6961553999288
18.7490224243679,59.3464027274647,-0.229169402870865,6.79162835980789,7.70830597129135
18.9054631423018,59.3626330416327,-0.225688840009182,6.84035623987145,7.74311159990818
19.0619189067988,59.3787066148548,-0.242362224767429,6.60692885325599,7.57637775232571
19.3243548901721,59.4053603273767,-0.240121944066495,6.63829278306907,7.59878055933505
19.4369486255153,59.4166739045955,-0.232947160368794,6.73873975483688,7.67052839631206
19.5495511620332,59.4278966563559,-0.227759299401178,6.81136980838351,7.72240700598822
19.7555629606521,59.4482157897823,-0.221999584824907,6.8920058124513,7.78000415175093
20.0051577766857,59.4724914039447,-0.231683206970308,6.75643510241569,7.68316793029692
20.2085881441066,59.4919815371441,-0.228532120943784,6.80055030678702,7.71467879056216
20.485722261337,59.5180753495456,-0.22452270594615,6.85668211675389,7.7547729405385
20.8629338976136,59.5527111962558,-0.225684574299667,6.84041595980467,7.74315425700333
21.2975564933175,59.5913561786873,-0.226561569214463,6.82813803099752,7.73438430785537
21.4282310743893,59.6027113005615,-0.227305267531761,6.81772625455534,7.72694732468239
21.558916404058,59.6139418367572,-0.227315125265541,6.81758824628243,7.72684874734459
21.8087124871008,59.6350955387079,-0.22583697003107,6.83828241956502,7.7416302996893
22.1511650360513,59.6634828239235,-0.222795160998259,6.88086774602438,7.77204839001741
22.475706496209,59.6897814045393,-0.218855576086769,6.93602193478524,7.81144423913231
22.7881630312948,59.7145968355519,-0.220566863900063,6.91206390539912,7.79433136099937
23.1086655325224,59.7395898202544,-0.223150409064472,6.87589427309739,7.76849590935528
23.4489104951029,59.7656684457592,-0.217941137184143,6.948824079422,7.82058862815857
23.7973725245219,59.7919517716245,-0.21187312443018,7.03377625797749,7.8812687556982
23.8991576518914,59.7995305016064,-0.205948714946651,7.11671799074688,7.94051285053349
24.0009486525953,59.8070301342827,-0.205568967780498,7.12203445107303,7.94431032219502
24.1865854641625,59.820516265406,-0.208682343049686,7.07844719730439,7.91317656950313
24.4199356549891,59.8370857153895,-0.211542088120911,7.03841076630725,7.88457911879089
24.6524198913617,59.8530938833638,-0.214978092201052,6.99030670918527,7.85021907798948
24.9732935949758,59.8742637956108,-0.218570487698181,6.94001317222547,7.81429512301819
25.3958492366394,59.9003842457347,-0.22148077361015,6.8992691694579,7.7851922638985
25.4722882289894,59.9048854222458,-0.223457856275719,6.87159001213994,7.76542143724281
25.5487319487418,59.9093084839105,-0.224657098058845,6.85480062717617,7.75342901941155
25.7407153312815,59.9200973903553,-0.225074681070539,6.84895446501246,7.74925318929461
25.9487917565585,59.9313259113448,-0.224374880206407,6.8587516771103,7.75625119793593
26.0782675578608,59.9380732251411,-0.238223633445111,6.66486913176845,7.61776366554889
26.2077531772161,59.9446311975416,-0.235105987183369,6.70851617943283,7.64894012816631
26.42999934954,59.9554912577906,-0.228376942911594,6.80272279923768,7.71623057088406
26.7229652522129,59.9691181599504,-0.224233189021442,6.86073535369981,7.75766810978558
26.9795151246796,59.9804520625046,-0.221154516072365,6.9038367749869,7.78845483927635
27.2826587902303,59.9931813496239,-0.217951526761641,6.94867862533702,7.82048473238359
27.3595703801995,59.9962994167536,-0.212445651251255,7.02576088248243,7.87554348748745
27.4364840165697,59.9993656464287,-0.228738606390759,6.79765951052938,7.71261393609241
27.642170428052,60.0073309524541,-0.224752176729646,6.85346952578495,7.75247823270354
27.8634957817328,60.0155496046279,-0.216363026542492,6.97091762840511,7.83636973457508
28.1073714172054,60.0241520160837,-0.207068122227985,7.1010462888082,7.92931877772014
28.3987843556726,60.0337438703365,-0.194603641647628,7.27554901693321,8.05396358352372
28.7816935807786,60.0451403650927,-0.195770735784063,7.25920969902312,8.04229264215937
29.2042878704119,60.0561026780548,-0.189820140899311,7.34251802740965,8.10179859100689
29.3358364223578,60.0591670512782,-0.182516445198001,7.44476976722799,8.17483554801999
29.4673888686596,60.0620614053708,-0.197835662362994,7.23030072691808,8.02164337637006
29.702311065878,60.066849815497,-0.195534022720289,7.26252368191596,8.04465977279711
30.0325245234675,60.0728177893396,-0.190769911148086,7.3292212439268,8.09230088851914
30.3383214579887,60.0776053009436,-0.190331595946319,7.33535765675153,8.09668404053681
30.648457318898,60.0817982132939,-0.202297586640115,7.16783378703838,7.97702413359885
30.9877430614761,60.0856968928263,-0.199437787966721,7.2078709684659,8.00562212033279
31.3489969401359,60.089148506514,-0.195802182995383,7.25876943806464,8.04197817004617
31.695176988679,60.0918664310088,-0.198940503863947,7.21483294590474,8.01059496136053
31.7491371697704,60.0922363007328,-0.201605246472602,7.17752654938357,7.98394753527398
31.8030975511628,60.0925775013797,-0.20520369498142,7.12714827026013,7.9479630501858
31.9695655156797,60.0934599328659,-0.209320556263411,7.06951221231225,7.90679443736589
32.0371640073876,60.0937358416735,-0.23053911635048,6.77245237109327,7.6946088364952
32.1047628353811,60.0939423213059,-0.228708491696765,6.79808111624529,7.71291508303235
32.2658926042938,60.0941551244951,-0.224069396044,6.863028455384,7.75930603956
32.3972880009975,60.0939618154731,-0.221097163848505,6.90463970612093,7.78902836151495
32.5974305947116,60.0928335969479,-0.222690009372905,6.88233986877933,7.77309990627095
32.8464052795323,60.0897092890278,-0.223906016474474,6.86531576935736,7.76093983525526
33.194634796457,60.0815582776141,-0.225144056726625,6.84798320582725,7.74855943273375
33.6774873606237,60.0620939638372,-0.225795005485994,6.83886992319608,7.74204994514006
33.748538587361,60.0583759144129,-0.225095009552759,6.84866986626138,7.74904990447241
33.8195785446888,60.0544007468192,-0.222849851417723,6.88010208015187,7.77150148582277
33.9630262822161,60.0456359988854,-0.219512400892646,6.92682638750296,7.80487599107354
34.1207242571843,60.0349502562781,-0.215065684035829,6.9890804234984,7.84934315964171
34.3318164890167,60.0190776574719,-0.228701197955135,6.79818322862811,7.71298802044865
34.5372972288889,60.0019693230851,-0.226219931959452,6.83292095256767,7.73780068040548
34.7771728156689,59.9800007497281,-0.221734952279091,6.89571066809272,7.78265047720908
35.1100022941762,59.946140447257,-0.224960155418997,6.85055782413405,7.75039844581003
35.4866032377722,59.9034320467469,-0.229303523177504,6.78975067551495,7.70696476822496
35.8307290443961,59.860740633096,-0.233593549090371,6.7296903127348,7.66406450909629
35.9025483600426,59.8514019631592,-0.238982051705882,6.65425127611766,7.61017948294118
35.9743427685285,59.8418754802373,-0.244507883203019,6.57688963515773,7.55492116796981
36.1177461077527,59.8223104331997,-0.249167688059089,6.51165236717275,7.50832311940911
36.2757730557798,59.7999617876845,-0.252789179968706,6.46095148043812,7.47210820031294
36.4546737117782,59.773602555176,-0.255603262442375,6.42155432580675,7.44396737557625
36.6595441355692,59.7419274506807,-0.278365121165282,6.10288830368606,7.21634878834718
36.941759864916,59.6955289800882,-0.276454414140762,6.12963820202934,7.23545585859238
37.3213563214287,59.6278688683012,-0.271232074047427,6.20275096333602,7.28767925952573
37.7399727335779,59.5462376901318,-0.268689709569774,6.23834406602316,7.31310290430226
37.8032942890255,59.5332531140221,-0.268837803616584,6.23627074936782,7.31162196383416
37.8665805434367,59.5200964079049,-0.268453803653156,6.24164674885581,7.31546196346844
38.0239987013594,59.4866392467333,-0.266892724255903,6.26350186041735,7.33107275744097
38.1921994168897,59.4498272263049,-0.262589008225276,6.32375388484613,7.37410991774724
38.3000924176237,59.4256504824694,-0.278812483703137,6.09662522815609,7.21187516296863
38.4078896496525,59.4010532524075,-0.274951349136278,6.15068111209211,7.25048650863722
38.5885731386968,59.3589144522728,-0.270764721426075,6.20929390003495,7.29235278573925
38.8249972229416,59.302172533952,-0.265507808669785,6.28289067862301,7.34492191330215
39.0521930109976,59.2460379667134,-0.266419815760959,6.27012257934657,7.3358018423904
39.3821657673526,59.161931877264,-0.272015111109085,6.19178844447281,7.27984888890915
39.4252088291996,59.1507236182566,-0.276853499713305,6.12405100401373,7.23146500286695
39.4682249424575,59.1394106123072,-0.282926490095126,6.03902913866824,7.17073509904874
39.5805328035016,59.1093691828016,-0.289686027449463,5.94439561570751,7.10313972550537
39.6970136763697,59.0774827663837,-0.295912008046969,5.85723188734244,7.04087991953031
39.8436407217778,59.0363675589415,-0.301159713719241,5.78376400793063,6.98840286280759
39.904178010351,59.0190379584576,-0.316679337246334,5.56648927855132,6.83320662753666
39.9646405215192,59.0014408453386,-0.328073573423457,5.4069699720716,6.71926426576543
40.0802524265132,58.9670255710913,-0.325855354575487,5.43802503594318,6.74144645424513
40.2060384825913,58.9284839740592,-0.320824311097713,5.50845964463202,6.79175688902287
40.3111770990793,58.8953395010783,-0.320678875871241,5.51049573780262,6.79321124128759
40.4717747338073,58.8429078554381,-0.321735248428565,5.49570652200009,6.78264751571435
40.6639732291007,58.7770280045803,-0.32286553415027,5.47988252189623,6.7713446584973
40.927481848683,58.6806576890924,-0.323177996081024,5.47550805486566,6.76822003918975
41.3324524493463,58.5178001693795,-0.32159755688473,5.49763420361379,6.7840244311527
41.3737286636869,58.5001295998634,-0.316682847443087,5.56644013579679,6.83317152556913
41.4149172190708,58.4822447649904,-0.306717388432533,5.70595656194453,6.93282611567467
41.5191823428503,58.4358778967163,-0.315417661274421,5.58415274215811,6.84582338725579
41.6271754230433,58.386263047874,-0.31167418591724,5.63656139715865,6.8832581408276
41.7623033488868,58.3220195101777,-0.301084200021618,5.78482119969734,6.98915799978382
41.9317176916413,58.2382873934553,-0.291654708881199,5.91683407566321,7.08345291118801
41.9804094760907,58.2135947406958,-0.281022795308359,6.06568086568297,7.18977204691641
42.0289866419304,58.1886807594764,-0.27045124007138,6.21368263900068,7.2954875992862
42.1812822205084,58.1088341561947,-0.269657930447477,6.22478897373532,7.30342069552523
42.3469525224714,58.0191075108995,-0.296085195798813,5.85480725881661,7.03914804201187
42.4842485598232,57.9424783353132,-0.29380261767201,5.88676335259186,7.0619738232799
42.666712548781,57.8375187485422,-0.287709986756306,5.97206018541171,7.12290013243694
42.9026102023889,57.6967347021905,-0.282811739708016,6.04063564408778,7.17188260291984
43.1981245637121,57.5127416604395,-0.282161054815582,6.04974523258185,7.17838945184418
43.495719353398,57.3195787352841,-0.281182220698237,6.06344891022469,7.18817779301763
43.5417438691823,57.2890374470613,-0.279163048576504,6.09171731992894,7.20836951423496
43.5876753640883,57.2583586116524,-0.274992517267542,6.15010475825441,7.25007482732458
43.7086747380676,57.1766306843793,-0.298302000058558,5.82377199918019,7.01697999941442
43.8353175481492,57.0897492146355,-0.294046948557411,5.88334272019624,7.05953051442589
43.8656878765303,57.0686847082838,-0.285852484894774,5.99806521147316,7.14147515105226
43.8960026948242,57.0475401361635,-0.276640146550633,6.12703794829114,7.23359853449367
43.9949877811966,56.9776980389219,-0.264400037450667,6.29839947569066,7.35599962549333
44.094836516858,56.9060232231762,-0.254171798132184,6.44159482614942,7.45828201867816
44.2088549083417,56.8225356179745,-0.245686234007344,6.56039272389718,7.54313765992656
44.3512694436685,56.7155121292336,-0.235975106978444,6.69634850230178,7.64024893021556
44.5330375373843,56.5739807026237,-0.245006710769054,6.56990604923325,7.54993289230946
44.7768406425387,56.3744476741642,-0.240565572785751,6.63208198099949,7.59434427214249
45.1058649892764,56.0855057427716,-0.229929205798501,6.78099111882099,7.70070794201499
45.1593573129748,56.0361952161421,-0.21843544189412,6.94190381348232,7.8156455810588
45.2124769116905,55.986475329479,-0.208933264568866,7.07493429603587,7.91066735431134
45.3059382689255,55.897220500813,-0.200517058314643,7.192761183595,7.99482941685357
45.4090207950769,55.7962380946154,-0.187115523658614,7.3803826687794,8.12884476341386
45.5416811133436,55.6624865926246,-0.189694320916666,7.34427950716667,8.10305679083334
45.660448388494,55.5390963109579,-0.184620266194166,7.41531627328167,8.15379733805834
45.8063675005762,55.3827178510469,-0.171704705369227,7.59613412483082,8.28295294630773
45.9999825493364,55.1670131375153,-0.160841587468117,7.74821777544636,8.39158412531883
46.0359939069427,55.1258366169499,-0.150649451897209,7.89090767343908,8.49350548102791
46.0718332788709,55.0845117621758,-0.130595335217266,8.17166530695827,8.69404664782734
46.1722059709827,54.9670006294426,-0.111961090277932,8.43254473610895,8.88038909722068
46.275896089332,54.8429677173815,-0.0973520363745837,8.63707149075583,9.02647963625416
46.3809121765428,54.7146983847119,-0.0805927256587561,8.87170184077742,9.19407274341244
46.5348004079855,54.5220579443849,-0.0626683885392627,9.12264256045032,9.37331611460737
46.5782119531619,54.4666762717303,-0.041995219029248,9.41206693359053,9.58004780970752
46.6213506491111,54.4110825379294,-0.0203571741548158,9.71499956183258,9.79642825845184
46.7010457260209,54.306957263022,-1.63424829224823e-13,9.99999999999771,9.99999999999847
46.7883019418251,54.1909178816525,-7.105427357601e-15,9.9999999999999,9.99999999999837
46.8099817466906,54.1617355452053,0.000843060370254055,9.98819715481644,9.99156939629746
46.831577130276,54.1324903338351,0.0114139343664202,9.84020491887012,9.8858606563358
46.9039391316885,54.0332359214357,0.02136834645204,9.70084314967144,9.7863165354796
46.9762499659249,53.9321696205078,0.0358985725070748,9.49741998490095,9.64101427492925
47.0167469747036,53.8747339491826,0.0518439896253265,9.27418414524543,9.48156010374674
47.0569413801449,53.8170853783483,0.0683146341983484,9.04359512122312,9.31685365801652
47.1396234944186,53.6965321050979,0.0804564805639983,8.87360927210402,9.19543519436002
47.2362303987551,53.552206358287,0.0893608465055017,8.74894814892298,9.10639153494498
47.3347073060957,53.400961041255,0.0968023992655951,8.64476641028167,9.03197600734405
47.4678050650447,53.1894166487277,0.10301115036648,8.55784389486928,8.9698884963352
47.639198642927,52.9039553471434,0.107209768109031,8.49906324647356,8.92790231890969
47.8394414328514,52.5502769302558,0.10910090945795,8.47258726758871,8.90899090542051
47.874732766354,52.4855349882158,0.108488072001123,8.48116699198428,8.91511927998877
47.9096899898342,52.4206116771692,0.105413044107732,8.52421738249175,8.94586955892268
47.9793868476647,52.2888680657876,0.101657807284811,8.57679069801265,8.98342192715189
48.0551439391394,52.1423065629488,0.0969285332008649,8.64300053518789,9.03071466799135
48.0987348221597,52.0563777853874,0.0903822005500244,8.73464919229966,9.09617799449975
48.1418432429492,51.970207727621,0.0821601045796562,8.84975853588481,9.17839895420344
48.2174282160339,51.8163561420079,0.0740310905429928,8.9635647323981,9.25968909457007
48.3095112072404,51.6242640183132,0.0669651550471015,9.06248782934058,9.33034844952899
48.4029793115812,51.4241069420494,0.060144626637543,9.1579752270744,9.39855373362457
48.5324983473646,51.1383262901441,0.0523542501262405,9.26704049823263,9.4764574987376
48.5509165636369,51.0968493869186,0.0435876892300476,9.38977235077933,9.56412310769952
48.5692095809948,51.0553167037969,0.0400256577702013,9.43964079121718,9.59974342229799
48.6161502182468,50.9472238001403,0.046499122626079,9.34901228323489,9.53500877373921
48.6641849096796,50.8343955163814,0.0452537036934559,9.36644814829162,9.54746296306544
48.7239268429155,50.6910292049589,0.0415844424963504,9.4178178050511,9.5841555750365
48.7484209917364,50.6311570435935,0.0412433160811737,9.42259357486357,9.58756683918826
48.7726222696463,50.5711641441847,0.0422680343252982,9.40824751944582,9.57731965674702
48.818021748432,50.4563921340308,0.0430695470078712,9.3970263418898,9.56930452992129
48.8769500233794,50.3029003951891,0.044001185183723,9.38398340742788,9.55998814816277
48.9238927945176,50.1763820631628,0.0451325442028365,9.36814438116029,9.54867455797164
48.9874353275804,49.9979442829072,0.0462562510177901,9.35241248575094,9.5374374898221
49.0638110928026,49.7701965982996,0.0520302610496352,9.27157634530511,9.47969738950365
49.1631220432199,49.4461586489074,0.0507962906237399,9.28885193126764,9.4920370937626
49.2863191449032,48.9823995372433,0.0475432911762804,9.33439392353207,9.52456708823719
49.3009707235298,48.9210692471295,0.0473310827536473,9.33736484144894,9.52668917246353
49.3152326255975,48.859643453867,0.0476732774920666,9.33257411511107,9.52326722507933
49.3438316626529,48.7310081767974,0.048083501403677,9.32683098034852,9.51916498596323
49.3731248201304,48.5910714210895,0.0484372026281612,9.32187916320574,9.51562797371839
49.4090655841218,48.4066139377907,0.0485380660405542,9.32046707543224,9.51461933959446
49.4363267988903,48.2556067366187,0.0537623328718546,9.24732733979403,9.46237667128145
49.4724965529292,48.0369860564388,0.0526467096882067,9.26294606436511,9.47353290311793
49.4873150191242,47.9399624043104,0.0494999394188646,9.3070008481359,9.50500060581135
49.5014028273843,47.8428354347309,0.0493612893497197,9.30894194910393,9.5063871065028
49.5232983482842,47.6812726870152,0.0499031572772044,9.30135579811914,9.50096842722796
49.5484739853347,47.476448639982,0.0505296766580356,9.2925845267875,9.49470323341965
49.5732038324231,47.2498785348774,0.0563230830458928,9.2114768373575,9.43676916954107
49.6040053798091,46.9190856649992,0.055063780040945,9.22910707942677,9.44936219959055
49.6112973220938,46.8301052024878,0.0519115626120814,9.27323812343086,9.48088437387919
49.6181769783121,46.7410959115762,0.0513178785712389,9.28154970000266,9.48682121428761
49.6302515952057,46.5711258386217,0.0514559675455371,9.27961645436248,9.48544032454463
49.6425259797153,46.3766418823014,0.0514983437063521,9.27902318811107,9.48501656293648
49.6487561371288,46.2675965094988,0.0512382420400204,9.28266461143972,9.4876175795998
49.654550903504,46.1585301555291,0.0504893984333875,9.29314842193257,9.49510601566612
49.6661113800517,45.913936922321,0.0549188363551628,9.23113629102772,9.45081163644837
49.6681691491245,45.8656183297504,0.0536798932422392,9.24848149460865,9.46320106757761
49.6701393601499,45.8172961556593,0.0501925527928086,9.29730426090068,9.49807447207191
49.6757553491055,45.666448022335,0.0488793056642142,9.315689720701,9.51120694335786
49.6775431479715,45.6129718363177,0.0481204855729608,9.32631320197855,9.51879514427039
49.6791941760283,45.5594912501049,0.0467094914113149,9.34606712024159,9.53290508588685
49.6827623144632,45.4248421031646,0.0438251028043607,9.38644856073895,9.56174897195639
49.6856867810917,45.2675298556098,0.0467287700847978,9.34579721881283,9.53271229915202
49.6869401724336,45.1165516867212,0.0442482530891326,9.38052445675214,9.55751746910867
49.6857535984851,44.9102832276902,0.0398843227634018,9.44161948131237,9.60115677236598
49.6783310690366,44.6376390785,0.034728452536123,9.51380166449428,9.65271547463877
49.6769065007466,44.6042232351724,0.0289271791702221,9.59501949161689,9.71072820829778
49.6753203661422,44.5708118474,0.0235522889359621,9.67026795489653,9.76447711064038
49.6695727059964,44.469810517503,0.0189392129863247,9.73485101819145,9.81060787013675
49.6623270002986,44.3671625929641,0.0148078332923953,9.79269033390647,9.85192166707605
49.6516446378395,44.2415473350961,0.0103758344525427,9.8547383176644,9.89624165547457
49.6361427582308,44.0888654729548,0.00550754668382135,9.9228943464265,9.94492453316179
49.6122222961189,43.890711595987,0.00102003020108424,9.98571957718482,9.98979969798916
49.5597891754717,43.537324046346,-8.88178419700125e-16,9.99999999999999,9.99999999999968
49.5508667207736,43.4844347288401,-3.19744231092045e-14,9.99999999999955,9.99999999999999
49.5416487703991,43.4315943466466,-0.00242652345300852,9.96602867165788,9.97573476546992
49.5176332215505,43.3011130968736,-0.00490884425558047,9.93127618042187,9.95091155744419
49.4904873715292,43.1636215405343,-0.00796048240031932,9.88855324639553,9.92039517599681
49.4458658720712,42.9552954871091,-0.0103847442429167,9.85461358059917,9.89615255757083
49.4054000883095,42.7812208427228,-0.0124358579376658,9.82589798887268,9.87564142062334
49.392663248652,42.7288790133099,-0.0142128887144612,9.80101955799754,9.85787111285539
49.3796630309638,42.6766030943789,-0.0155940077830962,9.78168389103665,9.84405992216904
49.3452035313192,42.5429442862088,-0.0164552953515429,9.7696258650784,9.83544704648457
49.3072105742884,42.4025586179743,-0.0168724510247156,9.76378568565398,9.83127548975284
49.2550223801648,42.2195241310895,-0.0169875758083312,9.76217393868336,9.83012424191669
49.1870242023994,41.9947969021838,-0.016810344277206,9.76465518011912,9.83189655722794
49.081202708488,41.6687374637792,-0.0162759804860408,9.77213627319543,9.83724019513959
49.0712217917903,41.6392442489357,-0.0155281055041416,9.78260652294202,9.84471894495858
49.0611497688755,41.6097816347582,-0.0146218006753481,9.79529479054513,9.85378199324652
49.0252675663362,41.5070750916591,-0.0135842581520509,9.80982038587129,9.86415741847949
48.9881319678042,41.4040883092582,-0.0122471480949228,9.82853992667108,9.87752851905077
48.9404435223195,41.2760567633681,-0.0104833889181845,9.85323255514542,9.89516611081815
48.9203689146233,41.2234623239965,-0.00848513192718199,9.88120815301945,9.91514868072818
48.9000272535416,41.170970308698,-0.00656641464571568,9.90807019495998,9.93433585354284
48.849371706123,41.0434395352264,-0.00475538420389521,9.93342462114547,9.95244615796105
48.7882732846269,40.8953801994443,-0.00284109427653141,9.96022468012856,9.97158905723468
48.7279040817378,40.7550832617495,-0.000684503038168989,9.99041695746563,9.99315496961831
48.641372515282,40.5637676296904,-8.88178419700125e-16,9.99999999999999,9.99999999999999
48.5226122685051,40.3181876783815,1.24344978758018e-14,9.99999999999983,9.99999999999988
48.352043518157,39.9948610815612,0.00224564945714424,9.96856090759998,9.97754350542856
48.1554178296493,39.6570126803691,0.00446456115692659,9.93749614380303,9.95535438843073
47.9850899562023,39.3884152536237,0.00674819825493126,9.90552522443096,9.93251801745069
47.8400190146181,39.1739878769078,0.00899669438711796,9.87404627858035,9.91003305612882
47.8109213464281,39.1323860574777,0.0109378109106743,9.84687064725056,9.89062189089326
47.7816027570795,39.0909397244829,0.0126301976331401,9.82317723313604,9.8736980236686
47.7010921740449,38.9793782795228,0.014342850772972,9.79920008917839,9.85657149227028
47.6154165529915,38.8639362590066,0.0162890282929677,9.77195360389845,9.83710971707032
47.5234442065646,38.7433870900714,0.0184380403337599,9.74186743532736,9.8156195966624
47.3844407490399,38.5671161940658,0.0203086033457247,9.71567955315985,9.79691396654275
47.1947490765109,38.3364998952096,0.0220171318408499,9.6917601542281,9.7798286815915
47.1724056997864,38.3100525543122,0.0240116988504278,9.66383621609401,9.75988301149572
47.1499396617307,38.2837071466846,0.0266135589287968,9.62741017499684,9.73386441071203
47.0854398434868,38.2093713304433,0.0298182906838627,9.58254393042592,9.70181709316137
47.018524013024,38.1341416231952,0.0337175507671586,9.52795428925978,9.66282449232841
46.9357184415771,38.0434549359288,0.0387824408982362,9.45704582742469,9.61217559101764
46.8337005540836,37.9349962144863,0.0458131810230691,9.35861546567703,9.54186818976931
46.7005202134235,37.7981662632758,0.0559137142298015,9.21720800078278,9.44086285770199
46.6536084895516,37.7512046187399,0.0650436708884181,9.08938860756215,9.34956329111582
46.6063401527859,37.704598322914,0.065043670888571,9.08938860756001,9.34956329111429
